Places_Name,Location Photo,Google Maps link,Places_Latitude,Places_Longitude,Places_Address,Places_City,Places_PostalCode,Opening times,Services,Dogs allowed,Fully Wheelchair Accessible,Partially Wheelchair Accessible,Toilets available,Wheelchair Friendly Toilet,Wifi available
Bart Hess I NRE,https://ddw.ams3.cdn.digitaloceanspaces.com/uploads/bodybuilding-ddw_1694017746.jpg,"https://www.google.com/maps/search/?api=1&query=51.438744,5.489184",51.438744,5.489184,Gashouder 43A,Eindhoven,5611CR,"Opening times

Sat 21 Oct

11:00 - 18:00

Sun 22 Oct

11:00 - 18:00

Mon 23 Oct

11:00 - 18:00

Tue 24 Oct

11:00 - 18:00

Wed 25 Oct

11:00 - 18:00

Thu 26 Oct

11:00 - 18:00

Fri 27 Oct

11:00 - 18:00

Sat 28 Oct

11:00 - 18:00

Sun 29 Oct

11:00 - 18:00","Services
Partially Wheelchair Accessible
Dogs allowed",True,False,True,False,False,False
Fifth NRE,https://ddw.ams3.cdn.digitaloceanspaces.com/uploads/def_1695656007.jpg,"https://www.google.com/maps/search/?api=1&query=51.438267,5.488269",51.438267,5.488269,Gasfabriek 5,Eindhoven,5613CP,"Opening times

Sat 21 Oct

11:00 - 00:00

Sun 22 Oct

11:00 - 23:00

Mon 23 Oct

11:00 - 23:00

Tue 24 Oct

11:00 - 23:00

Wed 25 Oct

11:00 - 23:00

Thu 26 Oct

11:00 - 23:00

Fri 27 Oct

11:00 - 00:00

Sat 28 Oct

11:00 - 00:00

Sun 29 Oct

11:00 - 23:00","Services
Fully Wheelchair Accessible
Wheelchair Friendly Toilet
Wifi available
Toilets available",False,True,False,True,True,True
Gasfabriek 20 | NRE,https://ddw.ams3.cdn.digitaloceanspaces.com/uploads/thumbnail_1694076113.jfif,"https://www.google.com/maps/search/?api=1&query=51.437799,5.488269",51.437799,5.488269,Gasfabriek 20,Eindhoven,5613CP,"Opening times

Sat 21 Oct

11:00 - 18:00

Sun 22 Oct

11:00 - 18:00

Mon 23 Oct

11:00 - 18:00

Tue 24 Oct

11:00 - 18:00

Wed 25 Oct

11:00 - 18:00

Thu 26 Oct

11:00 - 18:00

Fri 27 Oct

11:00 - 18:00

Sat 28 Oct

11:00 - 18:00

Sun 29 Oct

11:00 - 18:00","Services
Not Wheelchair Accessible",False,False,False,False,False,False
Kade Clubhuis,https://lh5.googleusercontent.com/p/AF1QipOkAH8o9_tidHxh1UdnYQMqpXG3uksS00wuczK7=w408-h272-k-no,"https://www.google.com/maps/search/?api=1&query=51.434928,5.506199",51.434928,5.506199,Kanaaldijknoord 57 C,Eindhoven,5642JA,"Opening times

Sat 21 Oct

Closed

Sun 22 Oct

Closed

Mon 23 Oct

Closed

Tue 24 Oct

Closed

Wed 25 Oct

16:00 - 23:00

Thu 26 Oct

Closed

Fri 27 Oct

Closed

Sat 28 Oct

Closed

Sun 29 Oct

Closed","Services
Partially Wheelchair Accessible
Wheelchair Friendly Toilet
Wifi available
Toilets available
Dogs allowed",True,False,True,True,True,True
Kiki and Joost,https://lh5.googleusercontent.com/p/AF1QipOm4mUMHBS6w0OPYnTnDcOwQAruKM9ZP8L-DeSP=w408-h544-k-no,"https://www.google.com/maps/search/?api=1&query=51.435771,5.496188",51.435771,5.496188,Gabriël Metsulaan 1 - entrance Kanaaldijk Zuid,Eindhoven,5613LC,"Opening times

Sat 21 Oct

11:00 - 18:00

Sun 22 Oct

11:00 - 18:00

Mon 23 Oct

11:00 - 18:00

Tue 24 Oct

11:00 - 18:00

Wed 25 Oct

11:00 - 18:00

Thu 26 Oct

11:00 - 18:00

Fri 27 Oct

11:00 - 18:00

Sat 28 Oct

11:00 - 18:00

Sun 29 Oct

11:00 - 17:00","Services
Partially Wheelchair Accessible
Wifi available",False,False,True,False,False,True
Koelhuis Eindhoven,https://ddw.ams3.cdn.digitaloceanspaces.com/uploads/kh040-photo-nick-bookelaar-interior-copyright-004_1695390736.jpg,"https://www.google.com/maps/search/?api=1&query=51.433427,5.501534",51.433427,5.501534,Dirk Boutslaan 1,Eindhoven,5613LH,"Opening times

Sat 21 Oct

11:00 - 18:00

Sun 22 Oct

11:00 - 18:00

Mon 23 Oct

11:00 - 18:00

Tue 24 Oct

11:00 - 18:00

Wed 25 Oct

11:00 - 18:00

Thu 26 Oct

11:00 - 18:00

Fri 27 Oct

11:00 - 18:00

Sat 28 Oct

11:00 - 18:00

Sun 29 Oct

11:00 - 18:00","Services
Not Wheelchair Accessible
Toilets available",False,False,False,True,False,False
Make Eindhoven,https://ddw.ams3.cdn.digitaloceanspaces.com/uploads/make-eindhoven_1693836924.jpg,"https://www.google.com/maps/search/?api=1&query=51.438167,5.487892",51.438167,5.487892,Gasfabriek 12,Eindhoven,5613CP,"Opening times

Sat 21 Oct

11:00 - 18:00

Sun 22 Oct

11:00 - 18:00

Mon 23 Oct

11:00 - 18:00

Tue 24 Oct

11:00 - 18:00

Wed 25 Oct

11:00 - 18:00

Thu 26 Oct

11:00 - 18:00

Fri 27 Oct

11:00 - 18:00

Sat 28 Oct

11:00 - 18:00

Sun 29 Oct

11:00 - 18:00","Services
Fully Wheelchair Accessible
Wifi available
Toilets available",False,True,False,True,False,True
NUL ZES | NRE,https://ddw.ams3.cdn.digitaloceanspaces.com/uploads/ddw-nulzes_1695630144.jpeg,"https://www.google.com/maps/search/?api=1&query=51.43845,5.488177",51.43845,5.488177,Gasfabriek 3A,Eindhoven,5613CP,"Opening times

Sat 21 Oct

11:00 - 18:00

Sun 22 Oct

11:00 - 18:00

Mon 23 Oct

11:00 - 18:00

Tue 24 Oct

11:00 - 18:00

Wed 25 Oct

11:00 - 18:00

Thu 26 Oct

11:00 - 18:00

Fri 27 Oct

11:00 - 18:00

Sat 28 Oct

11:00 - 18:00

Sun 29 Oct

11:00 - 18:00","Services
Not Wheelchair Accessible
Toilets available",False,False,False,True,False,False
NUL ZES / gebouw 8,https://ddw.ams3.cdn.digitaloceanspaces.com/uploads/16112021-dura-vermeer-nulzesnickbookelaar-09990_1695630661.jpeg,"https://www.google.com/maps/search/?api=1&query=51.438677,5.488487",51.438677,5.488487,GASFABRIEK 3C,Eindhoven,5613CP,"Opening times

Sat 21 Oct

11:00 - 18:00

Sun 22 Oct

11:00 - 18:00

Mon 23 Oct

11:00 - 18:00

Tue 24 Oct

11:00 - 18:00

Wed 25 Oct

11:00 - 18:00

Thu 26 Oct

11:00 - 18:00

Fri 27 Oct

11:00 - 18:00

Sat 28 Oct

11:00 - 18:00

Sun 29 Oct

11:00 - 18:00","Services
Fully Wheelchair Accessible
Wifi available
Toilets available
Dogs allowed",True,True,False,True,False,True
Onomatopee,https://streetviewpixels-pa.googleapis.com/v1/thumbnail?panoid=8iww3w3oIDr5XJ2w0sNsRQ&cb_client=search.gws-prod.gps&w=408&h=240&yaw=17.600834&pitch=0&thumbfov=100,"https://www.google.com/maps/search/?api=1&query=51.434848,5.494487",51.434848,5.494487,Lucas Gasselstraat 2a,Eindhoven,5613LB,"Opening times

Sat 21 Oct

11:00 - 18:00

Sun 22 Oct

11:00 - 18:00

Mon 23 Oct

11:00 - 18:00

Tue 24 Oct

11:00 - 18:00

Wed 25 Oct

11:00 - 18:00

Thu 26 Oct

11:00 - 18:00

Fri 27 Oct

11:00 - 18:00

Sat 28 Oct

11:00 - 18:00

Sun 29 Oct

11:00 - 18:00","Services
Fully Wheelchair Accessible
Toilets available
Dogs allowed",True,True,False,True,False,False
APTUM (by Ontwerpduo) | Peelcentrale NRE,https://ddw.ams3.cdn.digitaloceanspaces.com/uploads/peelcentrale_1695629037.jpeg,"https://www.google.com/maps/search/?api=1&query=51.438987,5.489229",51.438987,5.489229,Gashouder 13,Eindhoven,5613CR,"Opening times

Sat 21 Oct

11:00 - 18:00

Sun 22 Oct

11:00 - 18:00

Mon 23 Oct

11:00 - 18:00

Tue 24 Oct

11:00 - 18:00

Wed 25 Oct

11:00 - 18:00

Thu 26 Oct

11:00 - 18:00

Fri 27 Oct

11:00 - 18:00

Sat 28 Oct

11:00 - 18:00

Sun 29 Oct

11:00 - 18:00","Services
Partially Wheelchair Accessible
Dogs allowed",True,False,True,False,False,False
Studio Hans van Asch,https://ddw.ams3.cdn.digitaloceanspaces.com/uploads/presentatie-space-invaders-gasfabriek-8_1693913672.jpg,"https://www.google.com/maps/search/?api=1&query=51.438207,5.48787",51.438207,5.48787,Gasfabriek 8,Eindhoven,5613CP,"Opening times

Sat 21 Oct

10:00 - 18:00

Sun 22 Oct

10:00 - 18:00

Mon 23 Oct

11:00 - 18:00

Tue 24 Oct

11:00 - 18:00

Wed 25 Oct

11:00 - 18:00

Thu 26 Oct

11:00 - 18:00

Fri 27 Oct

11:00 - 18:00

Sat 28 Oct

10:00 - 18:00

Sun 29 Oct

10:00 - 18:00","Services
Fully Wheelchair Accessible
Wheelchair Friendly Toilet
Toilets available",False,True,False,True,True,False
Studio Ricky van Broekhoven,https://streetviewpixels-pa.googleapis.com/v1/thumbnail?panoid=dq2pcJXgz2_VZpkPXxaYdA&cb_client=search.gws-prod.gps&w=408&h=240&yaw=181.38849&pitch=0&thumbfov=100,"https://www.google.com/maps/search/?api=1&query=51.437986,5.488235",51.437986,5.488235,Gasfabriek 18,Eindhoven,5613CP,"Opening times

Sat 21 Oct

11:00 - 18:00

Sun 22 Oct

11:00 - 18:00

Mon 23 Oct

11:00 - 18:00

Tue 24 Oct

11:00 - 18:00

Wed 25 Oct

11:00 - 18:00

Thu 26 Oct

11:00 - 18:00

Fri 27 Oct

11:00 - 18:00

Sat 28 Oct

11:00 - 18:00

Sun 29 Oct

11:00 - 18:00","Services
Fully Wheelchair Accessible",False,True,False,False,False,False
The Body Building,https://ddw.ams3.cdn.digitaloceanspaces.com/uploads/tbb2_1693898549.jpg,"https://www.google.com/maps/search/?api=1&query=51.438624,5.489364",51.438624,5.489364,Gashouder 41,Eindhoven,5613CR,"Opening times

Sat 21 Oct

11:00 - 18:00

Sun 22 Oct

11:00 - 18:00

Mon 23 Oct

11:00 - 18:00

Tue 24 Oct

11:00 - 18:00

Wed 25 Oct

11:00 - 18:00

Thu 26 Oct

11:00 - 18:00

Fri 27 Oct

11:00 - 18:00

Sat 28 Oct

11:00 - 18:00

Sun 29 Oct

11:00 - 18:00","Services
Partially Wheelchair Accessible",False,False,True,False,False,False
Albert van Abbehuis,https://ddw.ams3.cdn.digitaloceanspaces.com/uploads/abbehuis01_1695649192.jpg,"https://www.google.com/maps/search/?api=1&query=51.433853,5.481976",51.433853,5.481976,Bilderdijklaan 19,Eindhoven,5611NG,"Opening times

Sat 21 Oct

11:00 - 18:00

Sun 22 Oct

11:00 - 18:00

Mon 23 Oct

11:00 - 18:00

Tue 24 Oct

11:00 - 18:00

Wed 25 Oct

11:00 - 18:00

Thu 26 Oct

11:00 - 22:00

Fri 27 Oct

11:00 - 18:00

Sat 28 Oct

11:00 - 18:00

Sun 29 Oct

11:00 - 18:00","Services
Not Wheelchair Accessible
Wheelchair Friendly Toilet
Wifi available
Toilets available",False,False,False,True,True,True
Art House - United Cowboys,https://ddw.ams3.cdn.digitaloceanspaces.com/uploads/screenshot-2023-09-04-at-1354-copy_1693828538.jpg,"https://www.google.com/maps/search/?api=1&query=51.435791,5.473816",51.435791,5.473816,Kleine Berg 62,Eindhoven,5611JW,"Opening times

Sat 21 Oct

11:00 - 18:00

Sun 22 Oct

11:00 - 18:00

Mon 23 Oct

11:00 - 18:00

Tue 24 Oct

11:00 - 18:00

Wed 25 Oct

11:00 - 18:00

Thu 26 Oct

11:00 - 18:00

Fri 27 Oct

11:00 - 18:00

Sat 28 Oct

11:00 - 18:00

Sun 29 Oct

11:00 - 18:00","Services
Partially Wheelchair Accessible
Toilets available",False,False,True,True,False,False
Coef Men Eindhoven,https://streetviewpixels-pa.googleapis.com/v1/thumbnail?panoid=sn3v_thdnuQi8fumUtaQcQ&cb_client=search.gws-prod.gps&w=408&h=240&yaw=67.80549&pitch=0&thumbfov=100,"https://www.google.com/maps/search/?api=1&query=51.438197,5.478702",51.438197,5.478702,Rechtestraat 35,Eindhoven,5611GM,"Opening times

Sat 21 Oct

11:00 - 18:00

Sun 22 Oct

11:00 - 18:00

Mon 23 Oct

11:00 - 18:00

Tue 24 Oct

11:00 - 18:00

Wed 25 Oct

11:00 - 18:00

Thu 26 Oct

11:00 - 18:00

Fri 27 Oct

11:00 - 18:00

Sat 28 Oct

11:00 - 18:00

Sun 29 Oct

11:00 - 18:00","Services
Fully Wheelchair Accessible",False,True,False,False,False,False
Cognizant Eindhoven Office,https://lh5.googleusercontent.com/p/AF1QipPm2sFVck1Xsi9MEF6DxjF9D_IUqiDOsqKhkNE=w426-h240-k-no,"https://www.google.com/maps/search/?api=1&query=51.438848,5.473419",51.438848,5.473419,Clausplein 10A (4th floor),Eindhoven,5611XP,"Opening times

Sat 21 Oct

00:00 - 00:00

Sun 22 Oct

00:00 - 00:00

Mon 23 Oct

00:00 - 00:00

Tue 24 Oct

00:00 - 00:00

Wed 25 Oct

13:00 - 17:00

Thu 26 Oct

00:00 - 00:00

Fri 27 Oct

11:00 - 18:00

Sat 28 Oct

00:00 - 00:00

Sun 29 Oct

00:00 - 00:00","Services
Fully Wheelchair Accessible
Wheelchair Friendly Toilet
Wifi available
Toilets available",False,True,False,True,True,True
Creative Town,https://streetviewpixels-pa.googleapis.com/v1/thumbnail?panoid=YV1j7ajb9nHA_7AAr5cyXw&cb_client=search.gws-prod.gps&w=408&h=240&yaw=172.24664&pitch=0&thumbfov=100,"https://www.google.com/maps/search/?api=1&query=51.436455,5.482935",51.436455,5.482935,Het College 22,Eindhoven,5611EH,"Opening times

Sat 21 Oct

11:00 - 18:00

Sun 22 Oct

11:00 - 18:00

Mon 23 Oct

11:00 - 18:00

Tue 24 Oct

11:00 - 18:00

Wed 25 Oct

11:00 - 18:00

Thu 26 Oct

11:00 - 18:00

Fri 27 Oct

11:00 - 18:00

Sat 28 Oct

11:00 - 18:00

Sun 29 Oct

11:00 - 18:00","Services
Fully Wheelchair Accessible
Wifi available",False,True,False,False,False,True
De Bijenkorf,https://lh5.googleusercontent.com/p/AF1QipOCEV3x5dfz-E9j9rfqqla_1NADz2XHH4qKPjfn=w408-h544-k-no,"https://www.google.com/maps/search/?api=1&query=51.441493,5.477258",51.441493,5.477258,Piazza 1,Eindhoven,5611AE,"Opening times

Sat 21 Oct

11:00 - 18:00

Sun 22 Oct

11:00 - 18:00

Mon 23 Oct

11:00 - 18:00

Tue 24 Oct

11:00 - 18:00

Wed 25 Oct

11:00 - 18:00

Thu 26 Oct

11:00 - 18:00

Fri 27 Oct

11:00 - 18:00

Sat 28 Oct

11:00 - 18:00

Sun 29 Oct

11:00 - 18:00","Services
Fully Wheelchair Accessible
Wifi available
Toilets available
Dogs allowed",True,True,False,True,False,True
DOMUSDELA,https://streetviewpixels-pa.googleapis.com/v1/thumbnail?panoid=hPr46dzFTzDr_2FUyr1K6g&cb_client=search.gws-prod.gps&w=408&h=240&yaw=47.247246&pitch=0&thumbfov=100,"https://www.google.com/maps/search/?api=1&query=51.437964,5.484267",51.437964,5.484267,Kanaalstraat 4,Eindhoven,5611CT,"Opening times

Sat 21 Oct

11:00 - 18:00

Sun 22 Oct

11:00 - 18:00

Mon 23 Oct

11:00 - 18:00

Tue 24 Oct

11:00 - 18:00

Wed 25 Oct

11:00 - 18:00

Thu 26 Oct

11:00 - 18:00

Fri 27 Oct

11:00 - 18:00

Sat 28 Oct

11:00 - 18:00

Sun 29 Oct

11:00 - 18:00","Services
Fully Wheelchair Accessible
Wheelchair Friendly Toilet
Wifi available
Toilets available",False,True,False,True,True,True
DOMUSDELA Outside,https://lh5.googleusercontent.com/p/AF1QipNGHOJzi2igM8yv4PSgF3F-66jyP8MJ47yuDkX1=s1013-k-no,"https://www.google.com/maps/search/?api=1&query=51.438282,5.485569",51.438282,5.485569,Kanaalstraat 4 binnenplein,Eindhoven,5611CT,"Opening times

Sat 21 Oct

11:00 - 18:00

Sun 22 Oct

11:00 - 18:00

Mon 23 Oct

11:00 - 18:00

Tue 24 Oct

11:00 - 18:00

Wed 25 Oct

11:00 - 18:00

Thu 26 Oct

11:00 - 18:00

Fri 27 Oct

11:00 - 18:00

Sat 28 Oct

11:00 - 18:00

Sun 29 Oct

11:00 - 18:00","Services
Fully Wheelchair Accessible
Wheelchair Friendly Toilet
Wifi available
Toilets available
Dogs allowed",True,True,False,True,True,True
Dynamo,https://lh5.googleusercontent.com/p/AF1QipMrvttcDiZognmA3e55wgcM6bF3xIq0goFdI1TS=w426-h240-k-no,"https://www.google.com/maps/search/?api=1&query=51.437753,5.480418",51.437753,5.480418,Catharinaplein 21,Eindhoven,5621BK,"Opening times

Sat 21 Oct

11:00 - 18:00

Sun 22 Oct

11:00 - 18:00

Mon 23 Oct

11:00 - 18:00

Tue 24 Oct

11:00 - 18:00

Wed 25 Oct

11:00 - 18:00

Thu 26 Oct

11:00 - 18:00

Fri 27 Oct

11:00 - 18:00

Sat 28 Oct

11:00 - 18:00

Sun 29 Oct

11:00 - 18:00","Services
Fully Wheelchair Accessible
Wheelchair Friendly Toilet
Toilets available",False,True,False,True,True,False
Eindhoven Library,https://ddw.ams3.cdn.digitaloceanspaces.com/uploads/cafe-tabbladjpgrendition7921267_1695996645.jpeg,"https://www.google.com/maps/search/?api=1&query=51.439253,5.474687",51.439253,5.474687,Emmasingel 22,Eindhoven,5611AZ,"Opening times

Sat 21 Oct

10:00 - 17:00

Sun 22 Oct

13:00 - 17:00

Mon 23 Oct

12:00 - 17:00

Tue 24 Oct

10:00 - 17:00

Wed 25 Oct

10:00 - 17:00

Thu 26 Oct

10:00 - 17:00

Fri 27 Oct

10:00 - 17:00

Sat 28 Oct

10:00 - 17:00

Sun 29 Oct

13:00 - 17:00","Services
Fully Wheelchair Accessible
Wheelchair Friendly Toilet
Wifi available
Toilets available
Dogs allowed",True,True,False,True,True,True
Heuvel (entrance Catharinaplein),https://ddw.ams3.cdn.digitaloceanspaces.com/uploads/microsoftteams-image-11_1695738634.jpeg,"https://www.google.com/maps/search/?api=1&query=51.438068,5.480383",51.438068,5.480383,Heuvel Galerie 133,Eindhoven,5611DK,"Opening times

Sat 21 Oct

13:00 - 18:00

Sun 22 Oct

11:00 - 18:00

Mon 23 Oct

11:00 - 18:00

Tue 24 Oct

11:00 - 18:00

Wed 25 Oct

11:00 - 18:00

Thu 26 Oct

11:00 - 18:00

Fri 27 Oct

11:00 - 18:00

Sat 28 Oct

11:00 - 18:00

Sun 29 Oct

11:00 - 18:00","Services
Fully Wheelchair Accessible
Wheelchair Friendly Toilet
Toilets available",False,True,False,True,True,False
Heuvel (entrance Muziekgebouw),https://streetviewpixels-pa.googleapis.com/v1/thumbnail?panoid=GaM2lhTErKUBJlrJee8AeA&cb_client=search.gws-prod.gps&w=408&h=240&yaw=183.5389&pitch=0&thumbfov=100,"https://www.google.com/maps/search/?api=1&query=51.439117,5.479618",51.439117,5.479618,Heuvel 133,Eindhoven,5611GP,"Opening times

Sat 21 Oct

11:00 - 18:00

Sun 22 Oct

11:00 - 18:00

Mon 23 Oct

11:00 - 18:00

Tue 24 Oct

11:00 - 18:00

Wed 25 Oct

11:00 - 18:00

Thu 26 Oct

11:00 - 18:00

Fri 27 Oct

11:00 - 18:00

Sat 28 Oct

11:00 - 18:00

Sun 29 Oct

11:00 - 18:00","Services
Fully Wheelchair Accessible
Wheelchair Friendly Toilet
Toilets available
Dogs allowed",True,True,False,True,True,False
Heuvel 148 - 151 Ingang Muziekcentrum,https://lh5.googleusercontent.com/p/AF1QipObUqz9Xojg-UkY4ga9YH78nNyvA41qOckyGnfn=w426-h240-k-no,"https://www.google.com/maps/search/?api=1&query=51.439014,5.480242",51.439014,5.480242,Heuvel Galerie 133,Eindhoven,5611DK,"Opening times

Sat 21 Oct

11:00 - 18:00

Sun 22 Oct

11:00 - 18:00

Mon 23 Oct

11:00 - 18:00

Tue 24 Oct

11:00 - 18:00

Wed 25 Oct

11:00 - 18:00

Thu 26 Oct

11:00 - 18:00

Fri 27 Oct

11:00 - 18:00

Sat 28 Oct

11:00 - 18:00

Sun 29 Oct

11:00 - 18:00","Services
Fully Wheelchair Accessible
Dogs allowed",True,True,False,False,False,False
Kazerne – Home of Design,https://ddw.ams3.cdn.digitaloceanspaces.com/uploads/ddw2023_1696074783.gif,"https://www.google.com/maps/search/?api=1&query=51.43582,5.477836",51.43582,5.477836,Paradijslaan 2-8,Eindhoven,5611KN,"Opening times

Sat 21 Oct

11:00 - 00:00

Sun 22 Oct

11:00 - 00:00

Mon 23 Oct

11:00 - 00:00

Tue 24 Oct

11:00 - 00:00

Wed 25 Oct

11:00 - 00:00

Thu 26 Oct

11:00 - 00:00

Fri 27 Oct

11:00 - 00:00

Sat 28 Oct

11:00 - 00:00

Sun 29 Oct

11:00 - 00:00","Services
Fully Wheelchair Accessible
Wheelchair Friendly Toilet
Wifi available
Toilets available",False,True,False,True,True,True
LuuXX Kleine Berg,https://ddw.ams3.cdn.digitaloceanspaces.com/uploads/voorkant-kleine-berg_1694091438.jpg,"https://www.google.com/maps/search/?api=1&query=51.436117,5.474242",51.436117,5.474242,Kleine berg 54,Eindhoven,5611JW,"Opening times

Sat 21 Oct

10:00 - 17:00

Sun 22 Oct

10:00 - 17:00

Mon 23 Oct

10:00 - 17:00

Tue 24 Oct

10:00 - 17:00

Wed 25 Oct

10:00 - 17:00

Thu 26 Oct

10:00 - 17:00

Fri 27 Oct

10:00 - 17:00

Sat 28 Oct

10:00 - 17:00

Sun 29 Oct

10:00 - 17:00","Services
Fully Wheelchair Accessible
Wheelchair Friendly Toilet
Toilets available",False,True,False,True,True,False
New Materialisms at Paradijslaan,https://streetviewpixels-pa.googleapis.com/v1/thumbnail?panoid=5_-5TEq0G01rSg7g7HUZzw&cb_client=search.gws-prod.gps&w=408&h=240&yaw=230.11343&pitch=0&thumbfov=100,"https://www.google.com/maps/search/?api=1&query=51.433229,5.478737",51.433229,5.478737,Paradijslaan 76,Eindhoven,5611KR,"Opening times

Sat 21 Oct

11:00 - 18:00

Sun 22 Oct

11:00 - 18:00

Mon 23 Oct

11:00 - 18:00

Tue 24 Oct

11:00 - 18:00

Wed 25 Oct

11:00 - 18:00

Thu 26 Oct

11:00 - 18:00

Fri 27 Oct

11:00 - 18:00

Sat 28 Oct

11:00 - 18:00

Sun 29 Oct

11:00 - 18:00","Services
Not Wheelchair Accessible
Wifi available
Toilets available
Dogs allowed",True,False,False,True,False,True
Philips Museum,https://streetviewpixels-pa.googleapis.com/v1/thumbnail?panoid=q7PjfR6DA1eh7QD40p4Bzg&cb_client=search.gws-prod.gps&w=408&h=240&yaw=106.45932&pitch=0&thumbfov=100,"https://www.google.com/maps/search/?api=1&query=51.439392,5.475578",51.439392,5.475578,Emmasingel 31,Eindhoven,5611AZ,"Opening times

Sat 21 Oct

11:00 - 18:00

Sun 22 Oct

11:00 - 18:00

Mon 23 Oct

11:00 - 18:00

Tue 24 Oct

11:00 - 18:00

Wed 25 Oct

11:00 - 18:00

Thu 26 Oct

11:00 - 18:00

Fri 27 Oct

11:00 - 18:00

Sat 28 Oct

11:00 - 18:00

Sun 29 Oct

11:00 - 18:00","Services
Fully Wheelchair Accessible
Wheelchair Friendly Toilet
Wifi available
Toilets available",False,True,False,True,True,True
Pinkie Patisserie,https://streetviewpixels-pa.googleapis.com/v1/thumbnail?panoid=1vnWDHkSW-5QY7szIqkBnA&cb_client=search.gws-prod.gps&w=408&h=240&yaw=212.63875&pitch=0&thumbfov=100,"https://www.google.com/maps/search/?api=1&query=51.434493,5.483601",51.434493,5.483601,Stratumsedijk 6,Eindhoven,5644NK,"Opening times

Sat 21 Oct

09:30 - 18:00

Sun 22 Oct

09:30 - 18:00

Mon 23 Oct

09:30 - 18:00

Tue 24 Oct

09:30 - 18:00

Wed 25 Oct

09:30 - 18:00

Thu 26 Oct

09:30 - 18:00

Fri 27 Oct

09:30 - 18:00

Sat 28 Oct

09:30 - 18:00

Sun 29 Oct

09:30 - 19:00","Services
Partially Wheelchair Accessible
Toilets available",False,False,True,True,False,False
Residency for the People,https://streetviewpixels-pa.googleapis.com/v1/thumbnail?panoid=qpkImCEXoknjdS6WHB6v1Q&cb_client=search.gws-prod.gps&w=408&h=240&yaw=134.73003&pitch=0&thumbfov=100,"https://www.google.com/maps/search/?api=1&query=51.436884,5.478722",51.436884,5.478722,Kerkstraat 1,Eindhoven,5611GH,"Opening times

Sat 21 Oct

11:00 - 18:00

Sun 22 Oct

11:00 - 18:00

Mon 23 Oct

11:00 - 18:00

Tue 24 Oct

11:00 - 18:00

Wed 25 Oct

11:00 - 18:00

Thu 26 Oct

11:00 - 18:00

Fri 27 Oct

11:00 - 18:00

Sat 28 Oct

11:00 - 18:00

Sun 29 Oct

11:00 - 18:00","Services
Partially Wheelchair Accessible
Wifi available
Toilets available
Dogs allowed",True,False,True,True,False,True
Schellens Fabriek,https://lh5.googleusercontent.com/p/AF1QipOtR3WvdcpWaK45GUnzTxmj-0FSR4BCPgZeqc7h=w408-h271-k-no,"https://www.google.com/maps/search/?api=1&query=51.43586,5.484661",51.43586,5.484661,Bleekweg 1M,Eindhoven,5611EZ,"Opening times

Sat 21 Oct

11:00 - 18:00

Sun 22 Oct

11:00 - 18:00

Mon 23 Oct

11:00 - 18:00

Tue 24 Oct

11:00 - 18:00

Wed 25 Oct

11:00 - 18:00

Thu 26 Oct

11:00 - 18:00

Fri 27 Oct

11:00 - 18:00

Sat 28 Oct

11:00 - 18:00

Sun 29 Oct

11:00 - 18:00","Services
Fully Wheelchair Accessible
Wifi available
Toilets available
Dogs allowed",True,True,False,True,False,True
Stadhuis,https://streetviewpixels-pa.googleapis.com/v1/thumbnail?panoid=CqMs8GvwCkaUqk-4NU5Beg&cb_client=search.gws-prod.gps&w=408&h=240&yaw=160.39635&pitch=0&thumbfov=100,"https://www.google.com/maps/search/?api=1&query=51.435233,5.480556",51.435233,5.480556,Stadhuisplein 1,Eindhoven,5611EM,"Opening times

Sat 21 Oct

11:00 - 18:00

Sun 22 Oct

11:00 - 18:00

Mon 23 Oct

11:00 - 18:00

Tue 24 Oct

11:00 - 18:00

Wed 25 Oct

11:00 - 18:00

Thu 26 Oct

11:00 - 18:00

Fri 27 Oct

11:00 - 18:00

Sat 28 Oct

11:00 - 18:00

Sun 29 Oct

11:00 - 18:00","Services
Fully Wheelchair Accessible",False,True,False,False,False,False
Stadhuisplein,https://lh5.googleusercontent.com/p/AF1QipOQDsfKaBrDLVPXrauzeKpEr5Rs8pk2UWu6S49Y=w408-h306-k-no,"https://www.google.com/maps/search/?api=1&query=51.435448,5.480151",51.435448,5.480151,Stadhuisplein,Eindhoven,5611EM,"Opening times

Sat 21 Oct

11:00 - 18:00

Sun 22 Oct

11:00 - 18:00

Mon 23 Oct

11:00 - 18:00

Tue 24 Oct

11:00 - 18:00

Wed 25 Oct

11:00 - 18:00

Thu 26 Oct

11:00 - 18:00

Fri 27 Oct

11:00 - 18:00

Sat 28 Oct

11:00 - 18:00

Sun 29 Oct

11:00 - 18:00","Services
Partially Wheelchair Accessible",False,False,True,False,False,False
Stads Bar & Food,https://streetviewpixels-pa.googleapis.com/v1/thumbnail?panoid=3t4soRp7gvhxNSCA96ce-g&cb_client=search.gws-prod.gps&w=408&h=240&yaw=267.6788&pitch=0&thumbfov=100,"https://www.google.com/maps/search/?api=1&query=51.434386,5.478177",51.434386,5.478177,Paradijslaan 48,Eindhoven,5611KP,"Opening times

Sat 21 Oct

11:00 - 18:00

Sun 22 Oct

11:00 - 18:00

Mon 23 Oct

11:00 - 18:00

Tue 24 Oct

11:00 - 18:00

Wed 25 Oct

11:00 - 18:00

Thu 26 Oct

11:00 - 18:00

Fri 27 Oct

11:00 - 18:00

Sat 28 Oct

11:00 - 18:00

Sun 29 Oct

11:00 - 18:00","Services
Partially Wheelchair Accessible
Toilets available
Dogs allowed",True,False,True,True,False,False
STED,https://ddw.ams3.cdn.digitaloceanspaces.com/uploads/foto-voor-ddw-pagina_1695979980.jpg,"https://www.google.com/maps/search/?api=1&query=51.43817,5.474377",51.43817,5.474377,Willemstraat 11,Eindhoven,5611HA,"Opening times

Sat 21 Oct

11:00 - 18:00

Sun 22 Oct

11:00 - 18:00

Mon 23 Oct

11:00 - 18:00

Tue 24 Oct

11:00 - 18:00

Wed 25 Oct

11:00 - 18:00

Thu 26 Oct

11:00 - 18:00

Fri 27 Oct

11:00 - 18:00

Sat 28 Oct

11:00 - 18:00

Sun 29 Oct

11:00 - 18:00","Services
Partially Wheelchair Accessible
Dogs allowed",True,False,True,False,False,False
The Don Bosco Universe,https://streetviewpixels-pa.googleapis.com/v1/thumbnail?panoid=zNlis45nht4eAPegotn8Fw&cb_client=search.gws-prod.gps&w=408&h=240&yaw=124.94333&pitch=0&thumbfov=100,"https://www.google.com/maps/search/?api=1&query=51.434372,5.477106",51.434372,5.477106,Don Boscostraat 15,Eindhoven,5611KV,"Opening times

Sat 21 Oct

11:00 - 18:00

Sun 22 Oct

11:00 - 18:00

Mon 23 Oct

11:00 - 18:00

Tue 24 Oct

11:00 - 18:00

Wed 25 Oct

11:00 - 18:00

Thu 26 Oct

11:00 - 18:00

Fri 27 Oct

11:00 - 18:00

Sat 28 Oct

11:00 - 18:00

Sun 29 Oct

11:00 - 18:00","Services
Fully Wheelchair Accessible
Dogs allowed",True,True,False,False,False,False
Van Abbemuseum,https://ddw.ams3.cdn.digitaloceanspaces.com/uploads/7417-entree-van-abbemuseum-2021-foto-joep-jacobs_1694083997.jpg,"https://www.google.com/maps/search/?api=1&query=51.434671,5.482816",51.434671,5.482816,Stratumsedijk 2,Eindhoven,5611ND,"Opening times

Sat 21 Oct

11:00 - 18:00

Sun 22 Oct

11:00 - 18:00

Mon 23 Oct

11:00 - 18:00

Tue 24 Oct

11:00 - 18:00

Wed 25 Oct

11:00 - 18:00

Thu 26 Oct

11:00 - 18:00

Fri 27 Oct

11:00 - 18:00

Sat 28 Oct

11:00 - 18:00

Sun 29 Oct

11:00 - 18:00","Services
Fully Wheelchair Accessible
Wheelchair Friendly Toilet
Wifi available
Toilets available",False,True,False,True,True,True
Atelier NL,https://ddw.ams3.cdn.digitaloceanspaces.com/uploads/exhibition-wildhout-stormhout-ddw-ateliernlcruud-balk3_1695844678.jpeg,"https://www.google.com/maps/search/?api=1&query=51.429226,5.469212",51.429226,5.469212,Bergmannstraat 76,Eindhoven,5615KG,"Opening times

Sat 21 Oct

11:00 - 18:00

Sun 22 Oct

11:00 - 18:00

Mon 23 Oct

11:00 - 18:00

Tue 24 Oct

11:00 - 18:00

Wed 25 Oct

11:00 - 18:00

Thu 26 Oct

11:00 - 18:00

Fri 27 Oct

11:00 - 18:00

Sat 28 Oct

11:00 - 18:00

Sun 29 Oct

11:00 - 18:00","Services
Fully Wheelchair Accessible
Wheelchair Friendly Toilet
Wifi available
Toilets available",False,True,False,True,True,True
Ceramic Workshop Jo Sijen,https://streetviewpixels-pa.googleapis.com/v1/thumbnail?panoid=XJGQGMtOgwOT9tKdXfQDXQ&cb_client=search.gws-prod.gps&w=408&h=240&yaw=139.93224&pitch=0&thumbfov=100,"https://www.google.com/maps/search/?api=1&query=51.425922,5.467017",51.425922,5.467017,Bayeuxlaan 5,Eindhoven,5654AX,"Opening times

Sat 21 Oct

11:00 - 18:00

Sun 22 Oct

11:00 - 18:00

Mon 23 Oct

11:00 - 18:00

Tue 24 Oct

11:00 - 18:00

Wed 25 Oct

11:00 - 18:00

Thu 26 Oct

11:00 - 18:00

Fri 27 Oct

11:00 - 18:00

Sat 28 Oct

11:00 - 18:00

Sun 29 Oct

11:00 - 18:00","Services
Partially Wheelchair Accessible
Toilets available",False,False,True,True,False,False
De Fabriek,https://lh5.googleusercontent.com/p/AF1QipOjGN63wfsO5A2JXlg8zj7RyBG8-wuQnvlA0iIR=w426-h240-k-no,"https://www.google.com/maps/search/?api=1&query=51.428435,5.464798",51.428435,5.464798,Baarsstraat 38,Eindhoven,5615RG,"Opening times

Sat 21 Oct

11:00 - 18:00

Sun 22 Oct

11:00 - 18:00

Mon 23 Oct

11:00 - 18:00

Tue 24 Oct

11:00 - 18:00

Wed 25 Oct

11:00 - 18:00

Thu 26 Oct

11:00 - 18:00

Fri 27 Oct

11:00 - 18:00

Sat 28 Oct

11:00 - 18:00

Sun 29 Oct

11:00 - 18:00","Services
Not Wheelchair Accessible
Toilets available",False,False,False,True,False,False
Plant Fictions,https://streetviewpixels-pa.googleapis.com/v1/thumbnail?panoid=GC4k-A-dQWFN8UT22-OJBg&cb_client=search.gws-prod.gps&w=408&h=240&yaw=32.371944&pitch=0&thumbfov=100,"https://www.google.com/maps/search/?api=1&query=51.428249,5.458526",51.428249,5.458526,Strausslaan 1,Eindhoven,5653AJ,"Opening times

Sat 21 Oct

11:00 - 18:00

Sun 22 Oct

11:00 - 18:00

Mon 23 Oct

11:00 - 18:00

Tue 24 Oct

11:00 - 18:00

Wed 25 Oct

11:00 - 18:00

Thu 26 Oct

11:00 - 18:00

Fri 27 Oct

11:00 - 18:00

Sat 28 Oct

11:00 - 18:00

Sun 29 Oct

11:00 - 18:00","Services
Partially Wheelchair Accessible
Wifi available
Dogs allowed",True,False,True,False,False,True
Studio Jeroen Wand,https://streetviewpixels-pa.googleapis.com/v1/thumbnail?panoid=9zgi8Tmrsep2ZyMMW8XJUA&cb_client=search.gws-prod.gps&w=408&h=240&yaw=113.48344&pitch=0&thumbfov=100,"https://www.google.com/maps/search/?api=1&query=51.425865,5.467453",51.425865,5.467453,Bayeuxlaan 7,Eindhoven,5654AX,"Opening times

Sat 21 Oct

11:00 - 18:00

Sun 22 Oct

11:00 - 18:00

Mon 23 Oct

11:00 - 18:00

Tue 24 Oct

11:00 - 18:00

Wed 25 Oct

11:00 - 18:00

Thu 26 Oct

11:00 - 18:00

Fri 27 Oct

11:00 - 18:00

Sat 28 Oct

11:00 - 18:00

Sun 29 Oct

11:00 - 18:00","Services
Fully Wheelchair Accessible
Toilets available",False,True,False,True,False,False
Vij5 showroom,https://ddw.ams3.cdn.digitaloceanspaces.com/uploads/vij5-ddw2022-img-3889-low-res_1693827953.jpg,"https://www.google.com/maps/search/?api=1&query=51.430446,5.469112",51.430446,5.469112,Hallenweg 1E,Eindhoven,5615PP,"Opening times

Sat 21 Oct

11:00 - 18:00

Sun 22 Oct

11:00 - 18:00

Mon 23 Oct

11:00 - 18:00

Tue 24 Oct

11:00 - 18:00

Wed 25 Oct

11:00 - 18:00

Thu 26 Oct

11:00 - 18:00

Fri 27 Oct

11:00 - 18:00

Sat 28 Oct

11:00 - 18:00

Sun 29 Oct

11:00 - 18:00","Services
Not Wheelchair Accessible
Wifi available
Toilets available
Dogs allowed",True,False,False,True,False,True
GGzE Landgoed De Grote Beek,https://lh5.googleusercontent.com/p/AF1QipPGX6aNk7VVpIX2kULRn3GBnw4X1og4U-3ft6qr=w408-h306-k-no,"https://www.google.com/maps/search/?api=1&query=51.466537,5.443165",51.466537,5.443165,Grote Beekstraat 18b,Eindhoven,5626NE,"Opening times

Sat 21 Oct

11:00 - 18:00

Sun 22 Oct

11:00 - 18:00

Mon 23 Oct

11:00 - 18:00

Tue 24 Oct

11:00 - 18:00

Wed 25 Oct

11:00 - 18:00

Thu 26 Oct

11:00 - 18:00

Fri 27 Oct

11:00 - 18:00

Sat 28 Oct

11:00 - 18:00

Sun 29 Oct

11:00 - 18:00","Services
Fully Wheelchair Accessible
Wheelchair Friendly Toilet
Wifi available
Toilets available
Dogs allowed",True,True,False,True,True,True
Living LAB 040,https://www.livinglab040.com/wp-content/uploads/2023/05/LivingLab.Vogelperspectief_W_ingang_1_1280x720.jpeg,"https://www.google.com/maps/search/?api=1&query=51.491907,5.45536",51.491907,5.45536,Castilielaan 15,Eindhoven,5629CH,"Opening times

Sat 21 Oct

11:00 - 18:00

Sun 22 Oct

11:00 - 18:00

Mon 23 Oct

11:00 - 18:00

Tue 24 Oct

11:00 - 18:00

Wed 25 Oct

11:00 - 18:00

Thu 26 Oct

11:00 - 18:00

Fri 27 Oct

11:00 - 18:00

Sat 28 Oct

11:00 - 18:00

Sun 29 Oct

11:00 - 18:00","Services
Partially Wheelchair Accessible
Toilets available",False,False,True,True,False,False
Pennings Foundation,https://ddw.ams3.cdn.digitaloceanspaces.com/uploads/img-8552_1695382070.jpg,"https://www.google.com/maps/search/?api=1&query=51.433752,5.488646",51.433752,5.488646,Geldropseweg 63,Eindhoven,5611SE,"Opening times

Sat 21 Oct

11:00 - 17:00

Sun 22 Oct

11:00 - 17:00

Mon 23 Oct

11:00 - 17:00

Tue 24 Oct

11:00 - 17:00

Wed 25 Oct

11:00 - 17:00

Thu 26 Oct

11:00 - 17:00

Fri 27 Oct

11:00 - 17:00

Sat 28 Oct

11:00 - 17:00

Sun 29 Oct

11:00 - 17:00","Services
Fully Wheelchair Accessible
Wheelchair Friendly Toilet
Wifi available
Toilets available
Dogs allowed",True,True,False,True,True,True
Salon Veneman,https://streetviewpixels-pa.googleapis.com/v1/thumbnail?panoid=L4Fv-IFyEwLEiqPbcQBNCw&cb_client=search.gws-prod.gps&w=408&h=240&yaw=267.7283&pitch=0&thumbfov=100,"https://www.google.com/maps/search/?api=1&query=51.4348,5.486516",51.4348,5.486516,Tongelresestraat 1,Eindhoven,5611VJ,"Opening times

Sat 21 Oct

11:00 - 18:00

Sun 22 Oct

11:00 - 18:00

Mon 23 Oct

11:00 - 18:00

Tue 24 Oct

11:00 - 18:00

Wed 25 Oct

11:00 - 18:00

Thu 26 Oct

11:00 - 18:00

Fri 27 Oct

11:00 - 18:00

Sat 28 Oct

11:00 - 18:00

Sun 29 Oct

11:00 - 18:00","Services
Not Wheelchair Accessible",False,False,False,False,False,False
STEENTJESKERK,https://streetviewpixels-pa.googleapis.com/v1/thumbnail?panoid=4uPOqTTsG18z1eobZMuNcA&cb_client=search.gws-prod.gps&w=408&h=240&yaw=75.72105&pitch=0&thumbfov=100,"https://www.google.com/maps/search/?api=1&query=51.439421,5.467864",51.439421,5.467864,Sint Antoniusstraat 5,Eindhoven,5616RT,"Opening times

Sat 21 Oct

11:00 - 18:00

Sun 22 Oct

11:00 - 18:00

Mon 23 Oct

11:00 - 18:00

Tue 24 Oct

11:00 - 18:00

Wed 25 Oct

11:00 - 18:00

Thu 26 Oct

11:00 - 18:00

Fri 27 Oct

11:00 - 18:00

Sat 28 Oct

11:00 - 18:00

Sun 29 Oct

11:00 - 18:00","Services
Fully Wheelchair Accessible
Wheelchair Friendly Toilet
Wifi available
Toilets available
Dogs allowed",True,True,False,True,True,True
Van Abbemuseum Vitrine Van der Valk Eindhoven,https://lh5.googleusercontent.com/p/AF1QipOY_cIVE5chNppUmGBBGY86_WUNu9646gUEWI3y=w408-h271-k-no,"https://www.google.com/maps/search/?api=1&query=51.406363,5.479637",51.406363,5.479637,Aalsterweg 322,Eindhoven,5644RL,"Opening times

Sat 21 Oct

11:00 - 18:00

Sun 22 Oct

11:00 - 18:00

Mon 23 Oct

11:00 - 18:00

Tue 24 Oct

11:00 - 18:00

Wed 25 Oct

11:00 - 18:00

Thu 26 Oct

11:00 - 18:00

Fri 27 Oct

11:00 - 18:00

Sat 28 Oct

11:00 - 18:00

Sun 29 Oct

11:00 - 18:00","Services
Fully Wheelchair Accessible
Wheelchair Friendly Toilet
Wifi available
Toilets available",False,True,False,True,True,True
Wasvenboerderij,https://ddw.ams3.cdn.digitaloceanspaces.com/uploads/wasvenboerderij_1695396293.jpg,"https://www.google.com/maps/search/?api=1&query=51.449207,5.512529",51.449207,5.512529,Celebeslaan 30,Eindhoven,5641AG,"Opening times

Sat 21 Oct

10:00 - 18:00

Sun 22 Oct

10:00 - 18:00

Mon 23 Oct

10:00 - 18:00

Tue 24 Oct

10:00 - 18:00

Wed 25 Oct

10:00 - 18:00

Thu 26 Oct

10:00 - 18:00

Fri 27 Oct

10:00 - 18:00

Sat 28 Oct

10:00 - 18:00

Sun 29 Oct

10:00 - 18:00","Services
Fully Wheelchair Accessible
Wheelchair Friendly Toilet
Wifi available
Toilets available
Dogs allowed",True,True,False,True,True,True
Atelier Houtwerff,https://lh5.googleusercontent.com/p/AF1QipObvIdKt4Uj9l7NvzurgcmXOPLmrjLb3avqYPNC=w408-h271-k-no,"https://www.google.com/maps/search/?api=1&query=51.446883,5.523483",51.446883,5.523483,Daalakkersweg 4-26,Eindhoven,5641JA,"Opening times

Sat 21 Oct

11:00 - 18:00

Sun 22 Oct

11:00 - 18:00

Mon 23 Oct

11:00 - 18:00

Tue 24 Oct

11:00 - 18:00

Wed 25 Oct

11:00 - 18:00

Thu 26 Oct

11:00 - 18:00

Fri 27 Oct

11:00 - 18:00

Sat 28 Oct

11:00 - 18:00

Sun 29 Oct

11:00 - 18:00","Services
Fully Wheelchair Accessible
Wheelchair Friendly Toilet
Toilets available
Dogs allowed",True,True,False,True,True,False
Collaboration O,https://lh5.googleusercontent.com/p/AF1QipORGpdTwHLK8cFw_X9NstbdGUw_X6MKNNvhlIdC=w408-h271-k-no,"https://www.google.com/maps/search/?api=1&query=51.446964,5.524459",51.446964,5.524459,Daalakkersweg 6,Eindhoven,5641JA,"Opening times

Sat 21 Oct

11:00 - 18:00

Sun 22 Oct

11:00 - 18:00

Mon 23 Oct

11:00 - 18:00

Tue 24 Oct

11:00 - 18:00

Wed 25 Oct

11:00 - 18:00

Thu 26 Oct

11:00 - 18:00

Fri 27 Oct

11:00 - 18:00

Sat 28 Oct

11:00 - 18:00

Sun 29 Oct

11:00 - 18:00","Services
Partially Wheelchair Accessible
Toilets available
Dogs allowed",True,False,True,True,False,False
OST,https://lh5.googleusercontent.com/p/AF1QipNTkHL3fQLL2A0VVpgZ38kxchgUQN2hVAqWFfmq=w426-h240-k-no,"https://www.google.com/maps/search/?api=1&query=51.446326,5.523219",51.446326,5.523219,Daalakkersweg 14,Eindhoven,5641JA,"Opening times

Sat 21 Oct

11:00 - 18:00

Sun 22 Oct

11:00 - 18:00

Mon 23 Oct

11:00 - 18:00

Tue 24 Oct

11:00 - 18:00

Wed 25 Oct

11:00 - 18:00

Thu 26 Oct

11:00 - 18:00

Fri 27 Oct

11:00 - 18:00

Sat 28 Oct

11:00 - 18:00

Sun 29 Oct

11:00 - 18:00","Services
Fully Wheelchair Accessible
Wheelchair Friendly Toilet
Toilets available
Dogs allowed",True,True,False,True,True,False
Punt-C Industriële hotspot op Sectie-C,https://ddw.ams3.cdn.digitaloceanspaces.com/uploads/punt-c-drinks_1693650909.jpg,"https://www.google.com/maps/search/?api=1&query=51.446974,5.526001",51.446974,5.526001,Daalakkersweg 10-16,Eindhoven,5641JA,"Opening times

Sat 21 Oct

11:00 - 19:00

Sun 22 Oct

11:00 - 19:00

Mon 23 Oct

11:00 - 19:00

Tue 24 Oct

11:00 - 19:00

Wed 25 Oct

11:00 - 19:00

Thu 26 Oct

11:00 - 19:00

Fri 27 Oct

11:00 - 19:00

Sat 28 Oct

11:00 - 19:00

Sun 29 Oct

11:00 - 19:00","Services
Not Wheelchair Accessible
Wheelchair Friendly Toilet
Wifi available
Toilets available
Dogs allowed",True,False,False,True,True,True
Sectie-C,https://streetviewpixels-pa.googleapis.com/v1/thumbnail?panoid=oer9qsHl3n-YaUmBH0h8dA&cb_client=search.gws-prod.gps&w=408&h=240&yaw=220.84106&pitch=0&thumbfov=100,"https://www.google.com/maps/search/?api=1&query=51.446219,5.522082",51.446219,5.522082,Daalakkersweg 2-14,Eindhoven,5641KE,"Opening times

Sat 21 Oct

11:00 - 18:00

Sun 22 Oct

11:00 - 18:00

Mon 23 Oct

11:00 - 18:00

Tue 24 Oct

11:00 - 18:00

Wed 25 Oct

11:00 - 18:00

Thu 26 Oct

11:00 - 18:00

Fri 27 Oct

11:00 - 18:00

Sat 28 Oct

11:00 - 18:00

Sun 29 Oct

11:00 - 18:00","Services
Partially Wheelchair Accessible
Wheelchair Friendly Toilet
Toilets available
Dogs allowed",True,False,True,True,True,False
The Blue House,https://streetviewpixels-pa.googleapis.com/v1/thumbnail?panoid=T8-blKtizdi7mm_QVqiE2g&cb_client=search.gws-prod.gps&w=408&h=240&yaw=119.27991&pitch=0&thumbfov=100,"https://www.google.com/maps/search/?api=1&query=51.446201,5.522541",51.446201,5.522541,Daalakkersweg 2,Eindhoven,5641JA,"Opening times

Sat 21 Oct

11:00 - 18:00

Sun 22 Oct

11:00 - 18:00

Mon 23 Oct

11:00 - 18:00

Tue 24 Oct

11:00 - 18:00

Wed 25 Oct

11:00 - 18:00

Thu 26 Oct

11:00 - 18:00

Fri 27 Oct

11:00 - 18:00

Sat 28 Oct

11:00 - 18:00

Sun 29 Oct

11:00 - 18:00","Services
Fully Wheelchair Accessible
Wheelchair Friendly Toilet
Toilets available
Dogs allowed",True,True,False,True,True,False
The Pool,https://streetviewpixels-pa.googleapis.com/v1/thumbnail?panoid=RpDZlAw0zjr0XqHusGnMfA&cb_client=search.gws-prod.gps&w=408&h=240&yaw=171.95413&pitch=0&thumbfov=100,"https://www.google.com/maps/search/?api=1&query=51.446496,5.523056",51.446496,5.523056,Daalakkersweg 4,Eindhoven,5641JA,"Opening times

Sat 21 Oct

11:00 - 18:00

Sun 22 Oct

11:00 - 18:00

Mon 23 Oct

11:00 - 18:00

Tue 24 Oct

11:00 - 18:00

Wed 25 Oct

11:00 - 18:00

Thu 26 Oct

11:00 - 18:00

Fri 27 Oct

11:00 - 18:00

Sat 28 Oct

11:00 - 18:00

Sun 29 Oct

11:00 - 18:00","Services
Fully Wheelchair Accessible
Toilets available
Dogs allowed",True,True,False,True,False,False
"Central Station, Outside",https://ddw.ams3.cdn.digitaloceanspaces.com/uploads/20221022-algemeen-maxkneefel-90530_1694548545.JPG,"https://www.google.com/maps/search/?api=1&query=51.441799,5.478902",51.441799,5.478902,Stationsplein 17,Eindhoven,5611AL,"Opening times

Sat 21 Oct

11:00 - 18:00

Sun 22 Oct

11:00 - 18:00

Mon 23 Oct

11:00 - 18:00

Tue 24 Oct

11:00 - 18:00

Wed 25 Oct

11:00 - 18:00

Thu 26 Oct

11:00 - 18:00

Fri 27 Oct

11:00 - 18:00

Sat 28 Oct

11:00 - 18:00

Sun 29 Oct

11:00 - 18:00","Services
Fully Wheelchair Accessible
Dogs allowed",True,True,False,False,False,False
de Effenaar,https://streetviewpixels-pa.googleapis.com/v1/thumbnail?panoid=MWe5NstkQvoTguYvsFBXyQ&cb_client=search.gws-prod.gps&w=408&h=240&yaw=351.9025&pitch=0&thumbfov=100,"https://www.google.com/maps/search/?api=1&query=51.441753,5.483063",51.441753,5.483063,Dommelstraat 2,Eindhoven,5611CK,"Opening times

Sat 21 Oct

11:00 - 18:00

Sun 22 Oct

11:00 - 18:00

Mon 23 Oct

11:00 - 18:00

Tue 24 Oct

11:00 - 18:00

Wed 25 Oct

11:00 - 18:00

Thu 26 Oct

11:00 - 18:00

Fri 27 Oct

11:00 - 18:00

Sat 28 Oct

11:00 - 18:00

Sun 29 Oct

11:00 - 18:00","Services
Fully Wheelchair Accessible
Wheelchair Friendly Toilet
Wifi available
Toilets available",False,True,False,True,True,True
Design Perron,https://lh5.googleusercontent.com/p/AF1QipOOBczRo4qZp0SmTwontOf76CK-cdOQO8OMwKLR=w408-h272-k-no,"https://www.google.com/maps/search/?api=1&query=51.442963,5.486563",51.442963,5.486563,Fuutlaan 12,Eindhoven,5613AB,"Opening times

Sat 21 Oct

11:00 - 18:00

Sun 22 Oct

11:00 - 18:00

Mon 23 Oct

11:00 - 18:00

Tue 24 Oct

11:00 - 18:00

Wed 25 Oct

11:00 - 18:00

Thu 26 Oct

11:00 - 18:00

Fri 27 Oct

11:00 - 18:00

Sat 28 Oct

11:00 - 18:00

Sun 29 Oct

11:00 - 18:00","Services
Fully Wheelchair Accessible
Wheelchair Friendly Toilet
Wifi available
Toilets available
Dogs allowed",True,True,False,True,True,True
Dutch Invertuals,https://lh5.googleusercontent.com/p/AF1QipMiBot7Q4SyLgp8ttY9_UOtUvAp1F2jbVkjwNgm=w408-h272-k-no,"https://www.google.com/maps/search/?api=1&query=51.443079,5.487409",51.443079,5.487409,Fuutlaan 12B,Eindhoven,5613AB,"Opening times

Sat 21 Oct

11:00 - 18:00

Sun 22 Oct

11:00 - 18:00

Mon 23 Oct

11:00 - 18:00

Tue 24 Oct

11:00 - 18:00

Wed 25 Oct

11:00 - 18:00

Thu 26 Oct

11:00 - 18:00

Fri 27 Oct

11:00 - 18:00

Sat 28 Oct

11:00 - 18:00

Sun 29 Oct

11:00 - 18:00","Services
Not Wheelchair Accessible
Toilets available",False,False,False,True,False,False
Envisions,https://lh5.googleusercontent.com/p/AF1QipOXzEacy5HmoJSkfSI7rsJfYbCMj7ooBN9LdTPx=w408-h571-k-no,"https://www.google.com/maps/search/?api=1&query=51.44375,5.492234",51.44375,5.492234,Fuutlaan 14I,Eindhoven,5613AB,"Opening times

Sat 21 Oct

11:00 - 18:00

Sun 22 Oct

11:00 - 18:00

Mon 23 Oct

11:00 - 18:00

Tue 24 Oct

11:00 - 18:00

Wed 25 Oct

11:00 - 18:00

Thu 26 Oct

11:00 - 18:00

Fri 27 Oct

11:00 - 18:00

Sat 28 Oct

11:00 - 18:00

Sun 29 Oct

11:00 - 18:00","Services
Not Wheelchair Accessible
Wifi available
Toilets available
Dogs allowed",True,False,False,True,False,True
Fuutlaan 12c,https://ddw.ams3.cdn.digitaloceanspaces.com/uploads/isola-ddw23-anwyn-howarth-6431-2_1695390328.jpg,"https://www.google.com/maps/search/?api=1&query=51.443235,5.488014",51.443235,5.488014,Fuutlaan 12c,Eindhoven,5613AB,"Opening times

Sat 21 Oct

11:00 - 18:00

Sun 22 Oct

11:00 - 18:00

Mon 23 Oct

11:00 - 18:00

Tue 24 Oct

11:00 - 18:00

Wed 25 Oct

11:00 - 18:00

Thu 26 Oct

11:00 - 18:00

Fri 27 Oct

11:00 - 18:00

Sat 28 Oct

11:00 - 18:00

Sun 29 Oct

11:00 - 18:00","Services
Partially Wheelchair Accessible
Wheelchair Friendly Toilet
Toilets available",False,False,True,True,True,False
JSPR,https://ddw.ams3.cdn.digitaloceanspaces.com/uploads/jspr-showroom-2018_1695721750.jpeg,"https://www.google.com/maps/search/?api=1&query=51.44365,5.491393",51.44365,5.491393,Fuutlaan 14c,Eindhoven,5613AB,"Opening times

Sat 21 Oct

11:00 - 18:00

Sun 22 Oct

11:00 - 18:00

Mon 23 Oct

11:00 - 18:00

Tue 24 Oct

11:00 - 18:00

Wed 25 Oct

11:00 - 18:00

Thu 26 Oct

11:00 - 18:00

Fri 27 Oct

11:00 - 18:00

Sat 28 Oct

11:00 - 18:00

Sun 29 Oct

11:00 - 18:00","Services
Not Wheelchair Accessible
Dogs allowed",True,False,False,False,False,False
"Land-Ally, de Dommel",https://lh5.googleusercontent.com/p/AF1QipMzCwTRNZNF93fE64PUls6uY4BogQOY7BBpOIPm=w408-h306-k-no,"https://www.google.com/maps/search/?api=1&query=51.441501,5.484649",51.441501,5.484649,Dommelstraat 2,Eindhoven,5611CK,"Opening times

Sat 21 Oct

11:00 - 18:00

Sun 22 Oct

11:00 - 18:00

Mon 23 Oct

11:00 - 18:00

Tue 24 Oct

11:00 - 18:00

Wed 25 Oct

11:00 - 18:00

Thu 26 Oct

11:00 - 18:00

Fri 27 Oct

11:00 - 18:00

Sat 28 Oct

11:00 - 18:00

Sun 29 Oct

11:00 - 18:00","Services
Fully Wheelchair Accessible
Dogs allowed",True,True,False,False,False,False
Microstad,https://ddw.ams3.cdn.digitaloceanspaces.com/uploads/pand-aan-de-buitenkant-1_1695132962.jpg,"https://www.google.com/maps/search/?api=1&query=51.444623,5.482097",51.444623,5.482097,Professor Doctor Dorgelolaan 2,Eindhoven,5611BA,"Opening times

Sat 21 Oct

Closed

Sun 22 Oct

Closed

Mon 23 Oct

Closed

Tue 24 Oct

Closed

Wed 25 Oct

Closed

Thu 26 Oct

Closed

Fri 27 Oct

Closed

Sat 28 Oct

Closed

Sun 29 Oct

Closed","Services
Partially Wheelchair Accessible
Wheelchair Friendly Toilet
Toilets available",False,False,True,True,True,False
Plaza – Vertigo – TU/e,https://lh5.googleusercontent.com/p/AF1QipO67OHKjBJHoB3WTuE1e4ciM_e8WQ_e8C4dKuMz=w408-h306-k-no,"https://www.google.com/maps/search/?api=1&query=51.446657,5.485259",51.446657,5.485259,De Zaale,Eindhoven,5612AZ,"Opening times

Sat 21 Oct

11:00 - 18:00

Sun 22 Oct

11:00 - 18:00

Mon 23 Oct

11:00 - 18:00

Tue 24 Oct

11:00 - 18:00

Wed 25 Oct

11:00 - 18:00

Thu 26 Oct

11:00 - 18:00

Fri 27 Oct

11:00 - 18:00

Sat 28 Oct

11:00 - 18:00

Sun 29 Oct

11:00 - 18:00","Services
Fully Wheelchair Accessible
Wheelchair Friendly Toilet
Wifi available
Toilets available",False,True,False,True,True,True
Spoor K (Studio #13),https://streetviewpixels-pa.googleapis.com/v1/thumbnail?panoid=iVC2WtLOl2ywkHdgei2bYw&cb_client=search.gws-prod.gps&w=408&h=240&yaw=339.19556&pitch=0&thumbfov=100,"https://www.google.com/maps/search/?api=1&query=51.44371,5.492228",51.44371,5.492228,Fuutlaan 14K,Eindhoven,5613AB,"Opening times

Sat 21 Oct

11:00 - 18:00

Sun 22 Oct

11:00 - 18:00

Mon 23 Oct

11:00 - 18:00

Tue 24 Oct

11:00 - 18:00

Wed 25 Oct

11:00 - 18:00

Thu 26 Oct

11:00 - 18:00

Fri 27 Oct

11:00 - 18:00

Sat 28 Oct

11:00 - 18:00

Sun 29 Oct

11:00 - 18:00","Services
Not Wheelchair Accessible
Dogs allowed",True,False,False,False,False,False
Spoor K (Studio #3),https://streetviewpixels-pa.googleapis.com/v1/thumbnail?panoid=iVC2WtLOl2ywkHdgei2bYw&cb_client=search.gws-prod.gps&w=408&h=240&yaw=339.19556&pitch=0&thumbfov=100,"https://www.google.com/maps/search/?api=1&query=51.44371,5.492228",51.44371,5.492228,Fuutlaan 14K,Eindhoven,5613AB,"Opening times

Sat 21 Oct

11:00 - 18:00

Sun 22 Oct

11:00 - 18:00

Mon 23 Oct

11:00 - 18:00

Tue 24 Oct

11:00 - 18:00

Wed 25 Oct

11:00 - 18:00

Thu 26 Oct

11:00 - 18:00

Fri 27 Oct

11:00 - 18:00

Sat 28 Oct

11:00 - 18:00

Sun 29 Oct

11:00 - 18:00","Services
Partially Wheelchair Accessible
Toilets available",False,False,True,True,False,False
Stationshal - Zuidhal - Eindhoven Centraal Station,https://lh5.googleusercontent.com/p/AF1QipPAp61bft5yT6iIB2ra2BlaXKGXlJrVS-07Al-V=w408-h305-k-no,"https://www.google.com/maps/search/?api=1&query=51.442298,5.479837",51.442298,5.479837,Stationsplein 22,Eindhoven,5611AC,"Opening times

Sat 21 Oct

11:00 - 18:00

Sun 22 Oct

11:00 - 18:00

Mon 23 Oct

11:00 - 18:00

Tue 24 Oct

11:00 - 18:00

Wed 25 Oct

11:00 - 18:00

Thu 26 Oct

11:00 - 18:00

Fri 27 Oct

11:00 - 18:00

Sat 28 Oct

11:00 - 18:00

Sun 29 Oct

11:00 - 18:00","Services
Not Wheelchair Accessible
Toilets available
Dogs allowed",True,False,False,True,False,False
Technical University of Eindhoven - Atlas Building,https://streetviewpixels-pa.googleapis.com/v1/thumbnail?panoid=7-xDtId-r1tgbqYLVquo4w&cb_client=search.gws-prod.gps&w=408&h=240&yaw=172.28198&pitch=0&thumbfov=100,"https://www.google.com/maps/search/?api=1&query=51.44799,5.485802",51.44799,5.485802,Het Eeuwsel 53,Eindhoven,5612AZ,"Opening times

Sat 21 Oct

11:00 - 18:00

Sun 22 Oct

11:00 - 18:00

Mon 23 Oct

11:00 - 18:00

Tue 24 Oct

11:00 - 18:00

Wed 25 Oct

11:00 - 18:00

Thu 26 Oct

11:00 - 18:00

Fri 27 Oct

11:00 - 18:00

Sat 28 Oct

11:00 - 18:00

Sun 29 Oct

11:00 - 18:00","Services
Fully Wheelchair Accessible
Wheelchair Friendly Toilet
Wifi available
Toilets available",False,True,False,True,True,True
The Social Hub Eindhoven,https://ddw.ams3.cdn.digitaloceanspaces.com/uploads/211576082_1695213353.jpg,"https://www.google.com/maps/search/?api=1&query=51.441944,5.48089",51.441944,5.48089,Stationsweg 1,Eindhoven,5611AA,"Opening times

Sat 21 Oct

10:00 - 17:30

Sun 22 Oct

10:00 - 17:30

Mon 23 Oct

10:00 - 17:30

Tue 24 Oct

10:00 - 17:30

Wed 25 Oct

10:00 - 17:30

Thu 26 Oct

10:00 - 17:30

Fri 27 Oct

10:00 - 17:30

Sat 28 Oct

10:00 - 17:30

Sun 29 Oct

10:00 - 17:30","Services
Fully Wheelchair Accessible
Wheelchair Friendly Toilet
Wifi available
Toilets available
Dogs allowed",True,True,False,True,True,True
Area 51,https://lh5.googleusercontent.com/p/AF1QipPODEeWZ2Y-uZiV_zVyPqBEpGQqXouoM_EFiDAs=w408-h306-k-no,"https://www.google.com/maps/search/?api=1&query=51.44813,5.456754",51.44813,5.456754,Ketelhuisplein 18,Eindhoven,5617AE,"Opening times

Sat 21 Oct

11:00 - 18:00

Sun 22 Oct

11:00 - 18:00

Mon 23 Oct

11:00 - 18:00

Tue 24 Oct

11:00 - 18:00

Wed 25 Oct

11:00 - 18:00

Thu 26 Oct

11:00 - 18:00

Fri 27 Oct

11:00 - 18:00

Sat 28 Oct

11:00 - 18:00

Sun 29 Oct

11:00 - 18:00","Services
Partially Wheelchair Accessible
Wheelchair Friendly Toilet
Wifi available
Toilets available
Dogs allowed",True,False,True,True,True,True
Area 51 Basement,https://streetviewpixels-pa.googleapis.com/v1/thumbnail?panoid=Yz_h3hwr3S6QSlWs0DlYVw&cb_client=search.gws-prod.gps&w=408&h=240&yaw=306.2233&pitch=0&thumbfov=100,"https://www.google.com/maps/search/?api=1&query=51.448008,5.456641",51.448008,5.456641,Ketelhuisplein 18,Eindhoven,5651GW,"Opening times

Sat 21 Oct

11:00 - 18:00

Sun 22 Oct

11:00 - 18:00

Mon 23 Oct

11:00 - 18:00

Tue 24 Oct

11:00 - 18:00

Wed 25 Oct

11:00 - 18:00

Thu 26 Oct

11:00 - 18:00

Fri 27 Oct

11:00 - 18:00

Sat 28 Oct

11:00 - 18:00

Sun 29 Oct

11:00 - 18:00","Services
Fully Wheelchair Accessible
Wifi available",False,True,False,False,False,True
Area 51 Café,https://streetviewpixels-pa.googleapis.com/v1/thumbnail?panoid=Yz_h3hwr3S6QSlWs0DlYVw&cb_client=search.gws-prod.gps&w=408&h=240&yaw=306.2233&pitch=0&thumbfov=100,"https://www.google.com/maps/search/?api=1&query=51.448035,5.456668",51.448035,5.456668,Ketelhuisplein 18,Eindhoven,5617AE,"Opening times

Sat 21 Oct

11:00 - 18:00

Sun 22 Oct

11:00 - 18:00

Mon 23 Oct

11:00 - 18:00

Tue 24 Oct

11:00 - 18:00

Wed 25 Oct

11:00 - 18:00

Thu 26 Oct

11:00 - 18:00

Fri 27 Oct

11:00 - 18:00

Sat 28 Oct

11:00 - 18:00

Sun 29 Oct

11:00 - 18:00","Services
Fully Wheelchair Accessible
Wheelchair Friendly Toilet
Wifi available
Toilets available
Dogs allowed",True,True,False,True,True,True
Area51- Studio Downstairs,https://lh5.googleusercontent.com/p/AF1QipMCdFeRJkl9Emf_OIbmF_ofwUNPTMUrO9Hq4VBV=w408-h408-k-no,"https://www.google.com/maps/search/?api=1&query=51.447912,5.456554",51.447912,5.456554,Ketelhuisplein,Eindhoven,5617AB,"Opening times

Sat 21 Oct

11:00 - 18:00

Sun 22 Oct

11:00 - 18:00

Mon 23 Oct

11:00 - 18:00

Tue 24 Oct

11:00 - 18:00

Wed 25 Oct

11:00 - 18:00

Thu 26 Oct

11:00 - 18:00

Fri 27 Oct

11:00 - 18:00

Sat 28 Oct

11:00 - 18:00

Sun 29 Oct

11:00 - 18:00","Services
Fully Wheelchair Accessible
Toilets available",False,True,False,True,False,False
Blue Collar Hotel,https://lh3.googleusercontent.com/gps-proxy/AFm_dcTe8cMPlBvDxnNSNbjC4XVNa76xEhncsJ0z_Odt66ljfRptRaqNAS0HDgD7k3yEmRjlB0YDeA_nvb9HRMvpFvJhJfL02BgyIc19ibBWiHcgs0n403VHuXN11bWYLDjByAh1yAzAUgG4VlAb-WCIHE4BzjLz3D-eh6WoUv1B5-3LdLZdhd0Qq8-_=w408-h270-k-no,"https://www.google.com/maps/search/?api=1&query=51.448326,5.458569",51.448326,5.458569,Klokgebouw 10,Eindhoven,5617AA,"Opening times

Sat 21 Oct

Closed

Sun 22 Oct

Closed

Mon 23 Oct

Closed

Tue 24 Oct

Closed

Wed 25 Oct

Closed

Thu 26 Oct

Closed

Fri 27 Oct

Closed

Sat 28 Oct

Closed

Sun 29 Oct

Closed","Services
Fully Wheelchair Accessible
Wheelchair Friendly Toilet
Wifi available
Toilets available",False,True,False,True,True,True
COVA Art Gallery,https://streetviewpixels-pa.googleapis.com/v1/thumbnail?panoid=yANKIkUSDkvloGFf_RJikQ&cb_client=search.gws-prod.gps&w=408&h=240&yaw=94.65946&pitch=0&thumbfov=100,"https://www.google.com/maps/search/?api=1&query=51.445963,5.461073",51.445963,5.461073,Philitelaan 73,Eindhoven,5617AM,"Opening times

Sat 21 Oct

11:00 - 18:00

Sun 22 Oct

11:00 - 18:00

Mon 23 Oct

11:00 - 18:00

Tue 24 Oct

11:00 - 18:00

Wed 25 Oct

11:00 - 18:00

Thu 26 Oct

11:00 - 18:00

Fri 27 Oct

11:00 - 18:00

Sat 28 Oct

11:00 - 18:00

Sun 29 Oct

11:00 - 18:00","Services
Fully Wheelchair Accessible
Wifi available
Dogs allowed",True,True,False,False,False,True
De Portiersloge,https://lh5.googleusercontent.com/p/AF1QipNWOMDXuIOuMLV5yn9xnZE77P_TxGtHLSY68wwf=w408-h272-k-no,"https://www.google.com/maps/search/?api=1&query=51.445036,5.461945",51.445036,5.461945,Torenallee 1,Eindhoven,5617BD,"Opening times

Sat 21 Oct

11:00 - 18:00

Sun 22 Oct

11:00 - 18:00

Mon 23 Oct

11:00 - 18:00

Tue 24 Oct

11:00 - 18:00

Wed 25 Oct

11:00 - 18:00

Thu 26 Oct

11:00 - 18:00

Fri 27 Oct

11:00 - 18:00

Sat 28 Oct

11:00 - 18:00

Sun 29 Oct

11:00 - 18:00","Services
Fully Wheelchair Accessible
Toilets available",False,True,False,True,False,False
Donna,https://ddw.ams3.cdn.digitaloceanspaces.com/uploads/sq-donna-stills0007_1693984924.jpeg,"https://www.google.com/maps/search/?api=1&query=51.447859,5.458478",51.447859,5.458478,Philitelaan 57,Eindhoven,5617AK,"Opening times

Sat 21 Oct

11:00 - 18:00

Sun 22 Oct

11:00 - 18:00

Mon 23 Oct

11:00 - 18:00

Tue 24 Oct

11:00 - 18:00

Wed 25 Oct

11:00 - 18:00

Thu 26 Oct

11:00 - 18:00

Fri 27 Oct

11:00 - 18:00

Sat 28 Oct

11:00 - 18:00

Sun 29 Oct

11:00 - 18:00","Services
Partially Wheelchair Accessible
Wifi available
Toilets available
Dogs allowed",True,False,True,True,False,True
Foundation We Are,https://streetviewpixels-pa.googleapis.com/v1/thumbnail?panoid=t2vL9nJGNjDBAkActURutA&cb_client=search.gws-prod.gps&w=408&h=240&yaw=223.31589&pitch=0&thumbfov=100,"https://www.google.com/maps/search/?api=1&query=51.446653,5.458936",51.446653,5.458936,Torenallee 22-04,Eindhoven,5617BD,"Opening times

Sat 21 Oct

11:00 - 18:00

Sun 22 Oct

11:00 - 18:00

Mon 23 Oct

11:00 - 18:00

Tue 24 Oct

11:00 - 18:00

Wed 25 Oct

11:00 - 18:00

Thu 26 Oct

11:00 - 18:00

Fri 27 Oct

11:00 - 18:00

Sat 28 Oct

11:00 - 18:00

Sun 29 Oct

11:00 - 18:00","Services
Fully Wheelchair Accessible
Wheelchair Friendly Toilet
Toilets available
Dogs allowed",True,True,False,True,True,False
Kantoor STRP,https://streetviewpixels-pa.googleapis.com/v1/thumbnail?panoid=uzhfnb1iO0AsjZIH5rozoA&cb_client=search.gws-prod.gps&w=408&h=240&yaw=48.188705&pitch=0&thumbfov=100,"https://www.google.com/maps/search/?api=1&query=51.446641,5.457719",51.446641,5.457719,Torenallee 32/8,Eindhoven,5617BD,"Opening times

Sat 21 Oct

11:00 - 18:00

Sun 22 Oct

11:00 - 18:00

Mon 23 Oct

11:00 - 18:00

Tue 24 Oct

11:00 - 18:00

Wed 25 Oct

11:00 - 18:00

Thu 26 Oct

11:00 - 18:00

Fri 27 Oct

11:00 - 18:00

Sat 28 Oct

11:00 - 18:00

Sun 29 Oct

11:00 - 18:00","Services
Fully Wheelchair Accessible
Toilets available",False,True,False,True,False,False
Ketelhuisplein,https://ddw.ams3.cdn.digitaloceanspaces.com/uploads/20221022-ketelhuisplein-maxkneefel-90961-klein_1695030509.png,"https://www.google.com/maps/search/?api=1&query=51.447774,5.457016",51.447774,5.457016,Ketelhuisplein,Eindhoven,5617AE,"Opening times

Sat 21 Oct

11:00 - 18:00

Sun 22 Oct

11:00 - 18:00

Mon 23 Oct

11:00 - 18:00

Tue 24 Oct

11:00 - 18:00

Wed 25 Oct

11:00 - 18:00

Thu 26 Oct

11:00 - 18:00

Fri 27 Oct

11:00 - 18:00

Sat 28 Oct

11:00 - 18:00

Sun 29 Oct

11:00 - 18:00","Services
Partially Wheelchair Accessible
Wheelchair Friendly Toilet
Toilets available",False,False,True,True,True,False
Klokgebouw,https://ddw.ams3.cdn.digitaloceanspaces.com/uploads/strijps-klokgebouw-cleogoossens-klein-30102022-01_1695030332.png,"https://www.google.com/maps/search/?api=1&query=51.448446,5.457651",51.448446,5.457651,Klokgebouw 50,Eindhoven,5617AB,"Opening times

Sat 21 Oct

11:00 - 18:00

Sun 22 Oct

11:00 - 18:00

Mon 23 Oct

11:00 - 18:00

Tue 24 Oct

11:00 - 18:00

Wed 25 Oct

11:00 - 18:00

Thu 26 Oct

11:00 - 18:00

Fri 27 Oct

11:00 - 18:00

Sat 28 Oct

11:00 - 18:00

Sun 29 Oct

11:00 - 18:00","Services
Fully Wheelchair Accessible
Wheelchair Friendly Toilet
Wifi available
Toilets available",False,True,False,True,True,True
MICROLAB,https://streetviewpixels-pa.googleapis.com/v1/thumbnail?panoid=6btFnEHSJ9wquRvdVqycXw&cb_client=search.gws-prod.gps&w=408&h=240&yaw=67.32083&pitch=0&thumbfov=100,"https://www.google.com/maps/search/?api=1&query=51.444411,5.459976",51.444411,5.459976,KASTANJELAAN 400,Eindhoven,5616LZ,"Opening times

Sat 21 Oct

11:00 - 18:00

Sun 22 Oct

11:00 - 18:00

Mon 23 Oct

11:00 - 18:00

Tue 24 Oct

11:00 - 18:00

Wed 25 Oct

11:00 - 18:00

Thu 26 Oct

11:00 - 18:00

Fri 27 Oct

11:00 - 18:00

Sat 28 Oct

11:00 - 18:00

Sun 29 Oct

11:00 - 18:00","Services
Fully Wheelchair Accessible
Wheelchair Friendly Toilet
Wifi available
Toilets available
Dogs allowed",True,True,False,True,True,True
Microlab Hall,https://ddw.ams3.cdn.digitaloceanspaces.com/uploads/dda-foto-locatiepagina_1693815546.jpg,"https://www.google.com/maps/search/?api=1&query=51.444709,5.461129",51.444709,5.461129,Kastanjelaan 400,Eindhoven,5616LZ,"Opening times

Sat 21 Oct

10:00 - 18:00

Sun 22 Oct

10:00 - 18:00

Mon 23 Oct

10:00 - 18:00

Tue 24 Oct

10:00 - 18:00

Wed 25 Oct

10:00 - 18:00

Thu 26 Oct

10:00 - 19:00

Fri 27 Oct

10:00 - 18:00

Sat 28 Oct

10:00 - 18:00

Sun 29 Oct

10:00 - 18:00","Services
Fully Wheelchair Accessible
Wheelchair Friendly Toilet
Toilets available",False,True,False,True,True,False
MU container,https://streetviewpixels-pa.googleapis.com/v1/thumbnail?panoid=8_hc0PnGalB9MQXyvEasgQ&cb_client=search.gws-prod.gps&w=408&h=240&yaw=339.27322&pitch=0&thumbfov=100,"https://www.google.com/maps/search/?api=1&query=51.447191,5.457849",51.447191,5.457849,leidingstraat,Eindhoven,5617AJ,"Opening times

Sat 21 Oct

12:00 - 17:00

Sun 22 Oct

12:00 - 17:00

Mon 23 Oct

12:00 - 17:00

Tue 24 Oct

Closed

Wed 25 Oct

Closed

Thu 26 Oct

Closed

Fri 27 Oct

Closed

Sat 28 Oct

Closed

Sun 29 Oct

Closed","Services
Partially Wheelchair Accessible",False,False,True,False,False,False
MU Hybrid Art House,https://streetviewpixels-pa.googleapis.com/v1/thumbnail?panoid=WmBn1CeMo-OxVEqb6Uh0Vg&cb_client=search.gws-prod.gps&w=408&h=240&yaw=13.077681&pitch=0&thumbfov=100,"https://www.google.com/maps/search/?api=1&query=51.447138,5.457408",51.447138,5.457408,Torenallee 40-06,Eindhoven,5617BD,"Opening times

Sat 21 Oct

11:00 - 18:00

Sun 22 Oct

11:00 - 18:00

Mon 23 Oct

11:00 - 18:00

Tue 24 Oct

11:00 - 18:00

Wed 25 Oct

11:00 - 18:00

Thu 26 Oct

11:00 - 18:00

Fri 27 Oct

11:00 - 18:00

Sat 28 Oct

11:00 - 18:00

Sun 29 Oct

11:00 - 18:00","Services
Partially Wheelchair Accessible
Wheelchair Friendly Toilet
Wifi available
Toilets available
Dogs allowed",True,False,True,True,True,True
Natlab,https://streetviewpixels-pa.googleapis.com/v1/thumbnail?panoid=wWRJUdSzJea-ejlc06NTMg&cb_client=search.gws-prod.gps&w=408&h=240&yaw=81.63769&pitch=0&thumbfov=100,"https://www.google.com/maps/search/?api=1&query=51.445748,5.454355",51.445748,5.454355,Kastanjelaan 500,Eindhoven,5616LZ,"Opening times

Sat 21 Oct

11:00 - 18:00

Sun 22 Oct

11:00 - 18:00

Mon 23 Oct

11:00 - 18:00

Tue 24 Oct

11:00 - 18:00

Wed 25 Oct

11:00 - 18:00

Thu 26 Oct

11:00 - 18:00

Fri 27 Oct

11:00 - 18:00

Sat 28 Oct

11:00 - 18:00

Sun 29 Oct

11:00 - 18:00","Services
Fully Wheelchair Accessible
Wheelchair Friendly Toilet
Wifi available
Toilets available",False,True,False,True,True,True
New Order of Fashion LAB,https://streetviewpixels-pa.googleapis.com/v1/thumbnail?panoid=EPBiOh12C6wEDYISD7-wOg&cb_client=search.gws-prod.gps&w=408&h=240&yaw=92.63631&pitch=0&thumbfov=100,"https://www.google.com/maps/search/?api=1&query=51.446443,5.458349",51.446443,5.458349,Torenallee 22-06,Eindhoven,5617BD,"Opening times

Sat 21 Oct

11:00 - 18:00

Sun 22 Oct

11:00 - 18:00

Mon 23 Oct

11:00 - 18:00

Tue 24 Oct

11:00 - 18:00

Wed 25 Oct

11:00 - 18:00

Thu 26 Oct

11:00 - 18:00

Fri 27 Oct

11:00 - 18:00

Sat 28 Oct

11:00 - 18:00

Sun 29 Oct

11:00 - 18:00","Services
Fully Wheelchair Accessible
Wheelchair Friendly Toilet
Toilets available",False,True,False,True,True,False
Onder de leidingen,https://streetviewpixels-pa.googleapis.com/v1/thumbnail?panoid=uzhfnb1iO0AsjZIH5rozoA&cb_client=search.gws-prod.gps&w=408&h=240&yaw=48.188705&pitch=0&thumbfov=100,"https://www.google.com/maps/search/?api=1&query=51.446663,5.45883",51.446663,5.45883,Torenallee 22-04,Eindhoven,5617BD,"Opening times

Sat 21 Oct

11:00 - 18:00

Sun 22 Oct

11:00 - 18:00

Mon 23 Oct

11:00 - 18:00

Tue 24 Oct

11:00 - 18:00

Wed 25 Oct

11:00 - 18:00

Thu 26 Oct

11:00 - 18:00

Fri 27 Oct

11:00 - 18:00

Sat 28 Oct

11:00 - 18:00

Sun 29 Oct

11:00 - 18:00","Services
Fully Wheelchair Accessible
Wheelchair Friendly Toilet
Wifi available
Toilets available
Dogs allowed",True,True,False,True,True,True
Plug in City,https://ddw.ams3.cdn.digitaloceanspaces.com/uploads/c_1693583177.jpg,"https://www.google.com/maps/search/?api=1&query=51.447283,5.457783",51.447283,5.457783,Leidingstraat 17A,Eindhoven,5617AJ,"Opening times

Sat 21 Oct

11:00 - 18:00

Sun 22 Oct

11:00 - 18:00

Mon 23 Oct

11:00 - 18:00

Tue 24 Oct

11:00 - 18:00

Wed 25 Oct

11:00 - 18:00

Thu 26 Oct

11:00 - 18:00

Fri 27 Oct

11:00 - 18:00

Sat 28 Oct

11:00 - 18:00

Sun 29 Oct

11:00 - 18:00","Services
Not Wheelchair Accessible
Wifi available",False,False,False,False,False,True
Plug-In-Paviljoen,https://ddw.ams3.cdn.digitaloceanspaces.com/uploads/plug-in-city-533364405-3577608261_1695390287.webp,"https://www.google.com/maps/search/?api=1&query=51.447283,5.457783",51.447283,5.457783,Leidingstraat 17A,Eindhoven,5617AJ,"Opening times

Sat 21 Oct

11:00 - 23:00

Sun 22 Oct

12:30 - 17:00

Mon 23 Oct

12:30 - 17:00

Tue 24 Oct

12:30 - 17:00

Wed 25 Oct

11:00 - 19:00

Thu 26 Oct

09:00 - 18:00

Fri 27 Oct

08:30 - 21:00

Sat 28 Oct

23:00 - 23:00

Sun 29 Oct

12:30 - 17:00","Services
Partially Wheelchair Accessible
Wifi available
Toilets available
Dogs allowed",True,False,True,True,False,True
POPEI,https://lh5.googleusercontent.com/p/AF1QipOKFOpogPnMZRDQGiPR_uIxzwHNlJJtWjcP9po2=w408-h304-k-no,"https://www.google.com/maps/search/?api=1&query=51.449455,5.457447",51.449455,5.457447,Klokgebouw,Eindhoven,5617AD,"Opening times

Sat 21 Oct

11:00 - 18:00

Sun 22 Oct

11:00 - 18:00

Mon 23 Oct

11:00 - 18:00

Tue 24 Oct

11:00 - 18:00

Wed 25 Oct

11:00 - 18:00

Thu 26 Oct

11:00 - 18:00

Fri 27 Oct

11:00 - 18:00

Sat 28 Oct

11:00 - 18:00

Sun 29 Oct

11:00 - 18:00","Services
Partially Wheelchair Accessible
Wifi available
Toilets available
Dogs allowed",True,False,True,True,False,True
Rabauw Brewpub,https://streetviewpixels-pa.googleapis.com/v1/thumbnail?panoid=mzkj75fM84Nb4Ldgy0aEUw&cb_client=search.gws-prod.gps&w=408&h=240&yaw=186.80635&pitch=0&thumbfov=100,"https://www.google.com/maps/search/?api=1&query=51.446368,5.456731",51.446368,5.456731,Torenallee 55,Eindhoven,5651GW,"Opening times

Sat 21 Oct

12:00 - 23:00

Sun 22 Oct

12:00 - 23:00

Mon 23 Oct

12:00 - 23:00

Tue 24 Oct

12:00 - 23:00

Wed 25 Oct

12:00 - 23:00

Thu 26 Oct

12:00 - 23:00

Fri 27 Oct

12:00 - 23:00

Sat 28 Oct

12:00 - 23:00

Sun 29 Oct

12:00 - 23:00","Services
Fully Wheelchair Accessible
Wheelchair Friendly Toilet
Wifi available
Toilets available
Dogs allowed",True,True,False,True,True,True
SintLucas,https://lh5.googleusercontent.com/p/AF1QipNIsSXzOdi4ELB-fJjw-O3GAJlV-ESf2xCptIvb=w408-h544-k-no,"https://www.google.com/maps/search/?api=1&query=51.447037,5.454748",51.447037,5.454748,Torenallee 75,Eindhoven,5617BD,"Opening times

Sat 21 Oct

11:00 - 18:00

Sun 22 Oct

11:00 - 18:00

Mon 23 Oct

11:00 - 18:00

Tue 24 Oct

11:00 - 18:00

Wed 25 Oct

11:00 - 18:00

Thu 26 Oct

11:00 - 18:00

Fri 27 Oct

11:00 - 18:00

Sat 28 Oct

11:00 - 18:00

Sun 29 Oct

11:00 - 18:00","Services
Fully Wheelchair Accessible
Wheelchair Friendly Toilet
Wifi available
Toilets available",False,True,False,True,True,True
The Cohesion LUX,https://streetviewpixels-pa.googleapis.com/v1/thumbnail?panoid=yANKIkUSDkvloGFf_RJikQ&cb_client=search.gws-prod.gps&w=408&h=240&yaw=94.65946&pitch=0&thumbfov=100,"https://www.google.com/maps/search/?api=1&query=51.446217,5.46072",51.446217,5.46072,Philitelaan 67,Eindhoven,5617AM,"Opening times

Sat 21 Oct

Closed

Sun 22 Oct

Closed

Mon 23 Oct

Closed

Tue 24 Oct

Closed

Wed 25 Oct

Closed

Thu 26 Oct

Closed

Fri 27 Oct

Closed

Sat 28 Oct

Closed

Sun 29 Oct

Closed","Services
Fully Wheelchair Accessible
Wifi available
Toilets available
Dogs allowed",True,True,False,True,False,True
The New Block,https://streetviewpixels-pa.googleapis.com/v1/thumbnail?panoid=jfCz7Ah4BIa1RSDGoqXIIQ&cb_client=search.gws-prod.gps&w=408&h=240&yaw=136.68971&pitch=0&thumbfov=100,"https://www.google.com/maps/search/?api=1&query=51.44454,5.46142",51.44454,5.46142,Kastanjelaan 300,Eindhoven,5651GW,"Opening times

Sat 21 Oct

11:00 - 18:00

Sun 22 Oct

11:00 - 18:00

Mon 23 Oct

11:00 - 18:00

Tue 24 Oct

11:00 - 18:00

Wed 25 Oct

11:00 - 18:00

Thu 26 Oct

11:00 - 18:00

Fri 27 Oct

11:00 - 18:00

Sat 28 Oct

11:00 - 18:00

Sun 29 Oct

11:00 - 18:00","Services
Fully Wheelchair Accessible
Toilets available",False,True,False,True,False,False
VEEM floor 8,https://ddw.ams3.cdn.digitaloceanspaces.com/uploads/veem_1693640687.JPG,"https://www.google.com/maps/search/?api=1&query=51.447846,5.454461",51.447846,5.454461,Torenallee 100,Eindhoven,5617BE,"Opening times

Sat 21 Oct

11:00 - 18:30

Sun 22 Oct

11:00 - 18:30

Mon 23 Oct

11:00 - 18:30

Tue 24 Oct

11:00 - 18:30

Wed 25 Oct

11:00 - 19:00

Thu 26 Oct

11:00 - 18:30

Fri 27 Oct

11:00 - 18:30

Sat 28 Oct

11:00 - 18:30

Sun 29 Oct

11:00 - 18:30","Services
Fully Wheelchair Accessible",False,True,False,False,False,False
about.today,https://streetviewpixels-pa.googleapis.com/v1/thumbnail?panoid=MU-9VCCCC0paUzSM9lpG5w&cb_client=search.gws-prod.gps&w=408&h=240&yaw=306.46133&pitch=0&thumbfov=100,"https://www.google.com/maps/search/?api=1&query=51.449181,5.446202",51.449181,5.446202,Halvemaanstraat 20,Eindhoven,5651BP,"Opening times

Sat 21 Oct

11:00 - 18:00

Sun 22 Oct

11:00 - 18:00

Mon 23 Oct

11:00 - 18:00

Tue 24 Oct

11:00 - 18:00

Wed 25 Oct

11:00 - 18:00

Thu 26 Oct

11:00 - 18:00

Fri 27 Oct

11:00 - 18:00

Sat 28 Oct

11:00 - 18:00

Sun 29 Oct

11:00 - 18:00","Services
Fully Wheelchair Accessible
Wheelchair Friendly Toilet
Wifi available
Toilets available
Dogs allowed",True,True,False,True,True,True
ATWORK,https://streetviewpixels-pa.googleapis.com/v1/thumbnail?panoid=QnlF297s4wjicL4pXK8FxQ&cb_client=search.gws-prod.gps&w=408&h=240&yaw=244.07735&pitch=0&thumbfov=100,"https://www.google.com/maps/search/?api=1&query=51.452189,5.451684",51.452189,5.451684,Achtsewegzuid 161E,Eindhoven,5651GW,"Opening times

Sat 21 Oct

11:00 - 18:00

Sun 22 Oct

11:00 - 18:00

Mon 23 Oct

11:00 - 18:00

Tue 24 Oct

11:00 - 18:00

Wed 25 Oct

11:00 - 18:00

Thu 26 Oct

11:00 - 18:00

Fri 27 Oct

11:00 - 18:00

Sat 28 Oct

11:00 - 18:00

Sun 29 Oct

11:00 - 18:00","Services
Fully Wheelchair Accessible
Toilets available
Dogs allowed",True,True,False,True,False,False
Basement Strijp-T,https://lh5.googleusercontent.com/p/AF1QipMwSmyHVSushCxCOFA92zG1c2UPs8GFi0kJcdwn=w408-h306-k-no,"https://www.google.com/maps/search/?api=1&query=,",51.450583,5.453788,Achtseweg Zuid 151,Eindhoven,5651GW,"Opening times

Sat 21 Oct

11:00 - 18:00

Sun 22 Oct

11:00 - 18:00

Mon 23 Oct

11:00 - 18:00

Tue 24 Oct

11:00 - 18:00

Wed 25 Oct

11:00 - 18:00

Thu 26 Oct

11:00 - 18:00

Fri 27 Oct

11:00 - 18:00

Sat 28 Oct

11:00 - 18:00

Sun 29 Oct

11:00 - 18:00","Services
Partially Wheelchair Accessible",False,False,True,False,False,False
BioArt Laboratories,https://ddw.ams3.cdn.digitaloceanspaces.com/uploads/websiteddw3_1695723170.jpg,"https://www.google.com/maps/search/?api=1&query=51.46344,5.428596",51.46344,5.428596,Oirschotsedijk 14-10,Eindhoven,5651GC,"Opening times

Sat 21 Oct

11:00 - 18:00

Sun 22 Oct

11:00 - 18:00

Mon 23 Oct

11:00 - 18:00

Tue 24 Oct

11:00 - 18:00

Wed 25 Oct

11:00 - 18:00

Thu 26 Oct

11:00 - 18:00

Fri 27 Oct

11:00 - 18:00

Sat 28 Oct

11:00 - 18:00

Sun 29 Oct

11:00 - 18:00","Services
Not Wheelchair Accessible
Toilets available",False,False,False,True,False,False
Bogaerts: Furniture & Lighting,https://ddw.ams3.cdn.digitaloceanspaces.com/uploads/20211018-bogaertslabel-mk36525_1693830343.jpg,"https://www.google.com/maps/search/?api=1&query=51.452204,5.451523",51.452204,5.451523,Achtseweg Zuid 161d,Eindhoven,5651GW,"Opening times

Sat 21 Oct

11:00 - 18:00

Sun 22 Oct

11:00 - 18:00

Mon 23 Oct

11:00 - 18:00

Tue 24 Oct

11:00 - 18:00

Wed 25 Oct

11:00 - 18:00

Thu 26 Oct

11:00 - 18:00

Fri 27 Oct

11:00 - 18:00

Sat 28 Oct

11:00 - 18:00

Sun 29 Oct

11:00 - 18:00","Services
Partially Wheelchair Accessible
Wifi available
Toilets available
Dogs allowed",True,False,True,True,False,True
Daphna Laurens,https://lh5.googleusercontent.com/p/AF1QipMd70Ku1araWXyBdp3x041JYsBCPV54hNMFD-E4=w408-h408-k-no,"https://www.google.com/maps/search/?api=1&query=51.452233,5.451306",51.452233,5.451306,Achtseweg Zuid 161D,Eindhoven,5651GW,"Opening times

Sat 21 Oct

11:00 - 18:00

Sun 22 Oct

11:00 - 18:00

Mon 23 Oct

11:00 - 18:00

Tue 24 Oct

11:00 - 18:00

Wed 25 Oct

11:00 - 18:00

Thu 26 Oct

11:00 - 18:00

Fri 27 Oct

11:00 - 18:00

Sat 28 Oct

11:00 - 18:00

Sun 29 Oct

11:00 - 18:00","Services
Partially Wheelchair Accessible
Wheelchair Friendly Toilet
Toilets available
Dogs allowed",True,False,True,True,True,False
F O R M designlab,https://streetviewpixels-pa.googleapis.com/v1/thumbnail?panoid=MU-9VCCCC0paUzSM9lpG5w&cb_client=search.gws-prod.gps&w=408&h=240&yaw=306.46133&pitch=0&thumbfov=100,"https://www.google.com/maps/search/?api=1&query=51.44918,5.4462",51.44918,5.4462,Halvemaanstraat 22,Eindhoven,5651BP,"Opening times

Sat 21 Oct

11:00 - 18:00

Sun 22 Oct

11:00 - 18:00

Mon 23 Oct

11:00 - 18:00

Tue 24 Oct

11:00 - 18:00

Wed 25 Oct

11:00 - 18:00

Thu 26 Oct

11:00 - 18:00

Fri 27 Oct

11:00 - 18:00

Sat 28 Oct

11:00 - 18:00

Sun 29 Oct

11:00 - 18:00","Services
Not Wheelchair Accessible
Toilets available
Dogs allowed",True,False,False,True,False,False
Innovation Powerhouse,https://ddw.ams3.cdn.digitaloceanspaces.com/uploads/microsoftteams-image-6_1693835657.png,"https://www.google.com/maps/search/?api=1&query=51.449415,5.452467",51.449415,5.452467,Zwaanstraat 31a,Eindhoven,5651CA,"Opening times

Sat 21 Oct

11:00 - 17:00

Sun 22 Oct

11:00 - 17:00

Mon 23 Oct

11:00 - 17:00

Tue 24 Oct

11:00 - 17:00

Wed 25 Oct

11:00 - 17:00

Thu 26 Oct

11:00 - 17:00

Fri 27 Oct

11:00 - 17:00

Sat 28 Oct

11:00 - 17:00

Sun 29 Oct

11:00 - 17:00","Services
Fully Wheelchair Accessible
Wheelchair Friendly Toilet
Toilets available",False,True,False,True,True,False
Piet Hein Eek,https://ddw.ams3.cdn.digitaloceanspaces.com/uploads/showroom-5cphe_1693998572.jpg,"https://www.google.com/maps/search/?api=1&query=51.449585,5.44551",51.449585,5.44551,Halvemaanstraat 30,Eindhoven,5651BP,"Opening times

Sat 21 Oct

10:00 - 19:30

Sun 22 Oct

10:00 - 19:30

Mon 23 Oct

10:00 - 19:30

Tue 24 Oct

10:00 - 19:30

Wed 25 Oct

10:00 - 19:30

Thu 26 Oct

10:00 - 19:30

Fri 27 Oct

10:00 - 19:30

Sat 28 Oct

10:00 - 19:30

Sun 29 Oct

10:00 - 18:00","Services
Partially Wheelchair Accessible
Wheelchair Friendly Toilet
Toilets available",False,False,True,True,True,False
Raw Color Studio,https://ddw.ams3.cdn.digitaloceanspaces.com/uploads/lores-eindhoven-daniera-chrisoph-72-dpi-63_1693581491.jpg,"https://www.google.com/maps/search/?api=1&query=51.45091,5.446768",51.45091,5.446768,Beeldbuisring 30,Eindhoven,5651HA,"Opening times

Sat 21 Oct

11:00 - 18:00

Sun 22 Oct

11:00 - 18:00

Mon 23 Oct

11:00 - 18:00

Tue 24 Oct

11:00 - 18:00

Wed 25 Oct

11:00 - 18:00

Thu 26 Oct

11:00 - 18:00

Fri 27 Oct

11:00 - 18:00

Sat 28 Oct

11:00 - 18:00

Sun 29 Oct

11:00 - 18:00","Services
Partially Wheelchair Accessible",False,False,True,False,False,False
Scheublin & Lindeman Studio,https://lh5.googleusercontent.com/p/AF1QipNGb9vF_v7IIg2Il0G7LsqbWuLixGQMUjnzPrH4=w408-h306-k-no,"https://www.google.com/maps/search/?api=1&query=51.449289,5.445986",51.449289,5.445986,Halvemaanstraat 26,Eindhoven,5651BK,"Opening times

Sat 21 Oct

11:00 - 18:00

Sun 22 Oct

11:00 - 18:00

Mon 23 Oct

11:00 - 18:00

Tue 24 Oct

11:00 - 18:00

Wed 25 Oct

11:00 - 18:00

Thu 26 Oct

11:00 - 18:00

Fri 27 Oct

11:00 - 18:00

Sat 28 Oct

11:00 - 18:00

Sun 29 Oct

11:00 - 18:00","Services
Partially Wheelchair Accessible",False,False,True,False,False,False
Spectrum Studio,https://streetviewpixels-pa.googleapis.com/v1/thumbnail?panoid=O_48qeoQEc21CaMe-YHp2w&cb_client=search.gws-prod.gps&w=408&h=240&yaw=267.79565&pitch=0&thumbfov=100,"https://www.google.com/maps/search/?api=1&query=51.449264,5.446657",51.449264,5.446657,Halvemaanstraat 18a,Eindhoven,5651BP,"Opening times

Sat 21 Oct

11:00 - 18:00

Sun 22 Oct

11:00 - 18:00

Mon 23 Oct

11:00 - 18:00

Tue 24 Oct

11:00 - 18:00

Wed 25 Oct

11:00 - 18:00

Thu 26 Oct

11:00 - 18:00

Fri 27 Oct

11:00 - 18:00

Sat 28 Oct

11:00 - 18:00

Sun 29 Oct

11:00 - 18:00","Services
Partially Wheelchair Accessible
Wifi available
Dogs allowed",True,False,True,False,False,True
Square outside Innovation Powerhouse,https://ddw.ams3.cdn.digitaloceanspaces.com/uploads/img-20230920-wa0017_1695301144.jpg,"https://www.google.com/maps/search/?api=1&query=51.449467,5.452125",51.449467,5.452125,Zwaanstraat 31R,Eindhoven,5651CA,"Opening times

Sat 21 Oct

11:00 - 18:00

Sun 22 Oct

11:00 - 18:00

Mon 23 Oct

11:00 - 18:00

Tue 24 Oct

11:00 - 18:00

Wed 25 Oct

11:00 - 18:00

Thu 26 Oct

11:00 - 18:00

Fri 27 Oct

11:00 - 18:00

Sat 28 Oct

11:00 - 18:00

Sun 29 Oct

11:00 - 18:00","Services
Fully Wheelchair Accessible
Dogs allowed",True,True,False,False,False,False
studio RENS,https://streetviewpixels-pa.googleapis.com/v1/thumbnail?panoid=MU-9VCCCC0paUzSM9lpG5w&cb_client=search.gws-prod.gps&w=408&h=240&yaw=306.46133&pitch=0&thumbfov=100,"https://www.google.com/maps/search/?api=1&query=51.449147,5.446138",51.449147,5.446138,Halvemaanstraat 24,Eindhoven,5651BP,"Opening times

Sat 21 Oct

11:00 - 18:00

Sun 22 Oct

11:00 - 18:00

Mon 23 Oct

11:00 - 18:00

Tue 24 Oct

11:00 - 18:00

Wed 25 Oct

11:00 - 18:00

Thu 26 Oct

11:00 - 18:00

Fri 27 Oct

11:00 - 18:00

Sat 28 Oct

11:00 - 18:00

Sun 29 Oct

11:00 - 17:00","Services
Partially Wheelchair Accessible",False,False,True,False,False,False
Evoluon,https://lh5.googleusercontent.com/p/AF1QipOoA7Lkc6wNVrTA2TNksku2ey4i96Y5pYdmdO0w=w408-h272-k-no,"https://www.google.com/maps/search/?api=1&query=51.443776,5.44752",51.443776,5.44752,Noord Brabantlaan 1A,Eindhoven,5652LA,"Opening times

Sat 21 Oct

11:00 - 18:00

Sun 22 Oct

11:00 - 18:00

Mon 23 Oct

11:00 - 18:00

Tue 24 Oct

11:00 - 18:00

Wed 25 Oct

11:00 - 18:00

Thu 26 Oct

11:00 - 18:00

Fri 27 Oct

11:00 - 18:00

Sat 28 Oct

11:00 - 18:00

Sun 29 Oct

11:00 - 18:00","Services
Fully Wheelchair Accessible
Wheelchair Friendly Toilet
Wifi available
Toilets available",False,True,False,True,True,True
Fashion Tech Farm,https://ddw.ams3.cdn.digitaloceanspaces.com/uploads/whatsapp-image-2023-09-25-at-131543_1695643763.jpeg,"https://www.google.com/maps/search/?api=1&query=51.438254,5.443809",51.438254,5.443809,Zeelsterstraat 80,Eindhoven,5652EL,"Opening times

Sat 21 Oct

11:00 - 18:00

Sun 22 Oct

11:00 - 18:00

Mon 23 Oct

11:00 - 18:00

Tue 24 Oct

11:00 - 18:00

Wed 25 Oct

11:00 - 18:00

Thu 26 Oct

11:00 - 18:00

Fri 27 Oct

11:00 - 18:00

Sat 28 Oct

11:00 - 18:00

Sun 29 Oct

11:00 - 18:00","Services
Partially Wheelchair Accessible
Wifi available
Toilets available
Dogs allowed",True,False,True,True,False,True
Multispecies Dream Garden,https://ddw.ams3.cdn.digitaloceanspaces.com/uploads/img-20230427-113608-2_1695714071.jpg,"https://www.google.com/maps/search/?api=1&query=51.438366,5.443933",51.438366,5.443933,Zeelsterstraat 80,Eindhoven,5652EL,"Opening times

Sat 21 Oct

11:00 - 18:00

Sun 22 Oct

11:00 - 18:00

Mon 23 Oct

11:00 - 18:00

Tue 24 Oct

11:00 - 18:00

Wed 25 Oct

11:00 - 18:00

Thu 26 Oct

11:00 - 18:00

Fri 27 Oct

11:00 - 18:00

Sat 28 Oct

11:00 - 18:00

Sun 29 Oct

11:00 - 18:00","Services
Partially Wheelchair Accessible
Wifi available
Toilets available
Dogs allowed",True,False,True,True,False,True
PLAN-B,https://ddw.ams3.cdn.digitaloceanspaces.com/uploads/plan-b-eindhoven_1695217901.jpg,"https://www.google.com/maps/search/?api=1&query=51.433194,5.430978",51.433194,5.430978,Hurksestraat 19,Eindhoven,5652AH,"Opening times

Sat 21 Oct

11:00 - 18:00

Sun 22 Oct

11:00 - 18:00

Mon 23 Oct

11:00 - 18:00

Tue 24 Oct

11:00 - 18:00

Wed 25 Oct

11:00 - 18:00

Thu 26 Oct

11:00 - 18:00

Fri 27 Oct

11:00 - 18:00

Sat 28 Oct

11:00 - 18:00

Sun 29 Oct

11:00 - 18:00","Services
Partially Wheelchair Accessible
Wifi available
Toilets available
Dogs allowed",True,False,True,True,False,True
studio mo man tai,https://ddw.ams3.cdn.digitaloceanspaces.com/uploads/location-pic-mo-man-tai_1693922848.jpg,"https://www.google.com/maps/search/?api=1&query=51.437202,5.434291",51.437202,5.434291,Hastelweg 264A,Eindhoven,5652CN,"Opening times

Sat 21 Oct

09:30 - 18:00

Sun 22 Oct

09:30 - 18:00

Mon 23 Oct

09:30 - 18:00

Tue 24 Oct

09:30 - 18:00

Wed 25 Oct

09:30 - 18:00

Thu 26 Oct

09:30 - 18:00

Fri 27 Oct

09:30 - 18:00

Sat 28 Oct

09:30 - 18:00

Sun 29 Oct

09:30 - 18:00","Services
Fully Wheelchair Accessible
Wifi available
Toilets available
Dogs allowed",True,True,False,True,False,True
De GRRRAGE,https://ddw.ams3.cdn.digitaloceanspaces.com/uploads/schermafbeelding-2023-09-19-om-120647_1695301777.png,"https://www.google.com/maps/search/?api=1&query=51.465214,5.466661",51.465214,5.466661,De Greefstraat 6,Eindhoven,5622GJ,"Opening times

Sat 21 Oct

11:00 - 18:00

Sun 22 Oct

11:00 - 18:00

Mon 23 Oct

11:00 - 18:00

Tue 24 Oct

11:00 - 18:00

Wed 25 Oct

11:00 - 20:00

Thu 26 Oct

11:00 - 18:00

Fri 27 Oct

11:00 - 18:00

Sat 28 Oct

11:00 - 18:00

Sun 29 Oct

11:00 - 18:00","Services
Not Wheelchair Accessible
Toilets available
Dogs allowed",True,False,False,True,False,False
EDISON 150,https://streetviewpixels-pa.googleapis.com/v1/thumbnail?panoid=Oj5tjw5lH0kAfJ2gEBdevg&cb_client=search.gws-prod.gps&w=408&h=240&yaw=185.21288&pitch=0&thumbfov=100,"https://www.google.com/maps/search/?api=1&query=51.451736,5.461978",51.451736,5.461978,Edisonstraat 150,Eindhoven,5621HT,"Opening times

Sat 21 Oct

11:00 - 18:00

Sun 22 Oct

11:00 - 18:00

Mon 23 Oct

11:00 - 18:00

Tue 24 Oct

11:00 - 18:00

Wed 25 Oct

11:00 - 18:00

Thu 26 Oct

11:00 - 18:00

Fri 27 Oct

11:00 - 18:00

Sat 28 Oct

11:00 - 18:00

Sun 29 Oct

11:00 - 18:00","Services
Partially Wheelchair Accessible
Wifi available
Toilets available",False,False,True,True,False,True
HOUSEWEST,https://lh5.googleusercontent.com/p/AF1QipPOsre_ZWzfgp-ZicvW2AeeM7WGzpWEsvYcir8=w408-h272-k-no,"https://www.google.com/maps/search/?api=1&query=51.451498,5.462511",51.451498,5.462511,Marconilaan 28,Eindhoven,5621AA,"Opening times

Sat 21 Oct

11:00 - 18:00

Sun 22 Oct

11:00 - 18:00

Mon 23 Oct

11:00 - 18:00

Tue 24 Oct

11:00 - 18:00

Wed 25 Oct

11:00 - 18:00

Thu 26 Oct

11:00 - 18:00

Fri 27 Oct

11:00 - 18:00

Sat 28 Oct

11:00 - 18:00

Sun 29 Oct

11:00 - 18:00","Services
Partially Wheelchair Accessible
Wifi available
Toilets available",False,False,True,True,False,True
KAROESELL,https://streetviewpixels-pa.googleapis.com/v1/thumbnail?panoid=QqhYAf6d4Zv7BXxqJibVrw&cb_client=search.gws-prod.gps&w=408&h=240&yaw=72.427574&pitch=0&thumbfov=100,"https://www.google.com/maps/search/?api=1&query=51.451889,5.462152",51.451889,5.462152,Edisonstraat 147A,Eindhoven,5621HM,"Opening times

Sat 21 Oct

11:00 - 18:00

Sun 22 Oct

11:00 - 18:00

Mon 23 Oct

11:00 - 18:00

Tue 24 Oct

11:00 - 18:00

Wed 25 Oct

11:00 - 18:00

Thu 26 Oct

11:00 - 18:00

Fri 27 Oct

11:00 - 18:00

Sat 28 Oct

11:00 - 18:00

Sun 29 Oct

11:00 - 18:00","Services
Partially Wheelchair Accessible
Wifi available",False,False,True,False,False,True
KAROESELL / SHOPWINDOW,https://streetviewpixels-pa.googleapis.com/v1/thumbnail?panoid=QqhYAf6d4Zv7BXxqJibVrw&cb_client=search.gws-prod.gps&w=408&h=240&yaw=72.427574&pitch=0&thumbfov=100,"https://www.google.com/maps/search/?api=1&query=51.451889,5.462152",51.451889,5.462152,Edisonstraat 147A,Eindhoven,5621HM,"Opening times

Sat 21 Oct

11:00 - 18:00

Sun 22 Oct

11:00 - 18:00

Mon 23 Oct

11:00 - 18:00

Tue 24 Oct

11:00 - 18:00

Wed 25 Oct

11:00 - 18:00

Thu 26 Oct

11:00 - 18:00

Fri 27 Oct

11:00 - 18:00

Sat 28 Oct

11:00 - 18:00

Sun 29 Oct

11:00 - 18:00","Services
Not Wheelchair Accessible
Wifi available",False,False,False,False,False,True
Kelderman en van Noort (KEVN),https://ddw.ams3.cdn.digitaloceanspaces.com/uploads/ffh7901-web_1695565464.jpg,"https://www.google.com/maps/search/?api=1&query=51.451263,5.458477",51.451263,5.458477,Galileistraat 2,Eindhoven,5621AE,"Opening times

Sat 21 Oct

12:00 - 00:00

Sun 22 Oct

12:00 - 00:00

Mon 23 Oct

12:00 - 18:00

Tue 24 Oct

12:00 - 18:00

Wed 25 Oct

12:00 - 00:00

Thu 26 Oct

12:00 - 00:00

Fri 27 Oct

12:00 - 00:00

Sat 28 Oct

12:00 - 00:00

Sun 29 Oct

12:00 - 18:00","Services
Fully Wheelchair Accessible
Wifi available
Toilets available
Dogs allowed",True,True,False,True,False,True
VOLTA #1,https://streetviewpixels-pa.googleapis.com/v1/thumbnail?panoid=Hjkv1PIFDKQSwgVKndAHnQ&cb_client=search.gws-prod.gps&w=408&h=240&yaw=8.033974&pitch=0&thumbfov=100,"https://www.google.com/maps/search/?api=1&query=51.45261,5.460487",51.45261,5.460487,Edisonstraat 111,Eindhoven,5621HL,"Opening times

Sat 21 Oct

11:00 - 18:00

Sun 22 Oct

11:00 - 18:00

Mon 23 Oct

11:00 - 18:00

Tue 24 Oct

11:00 - 18:00

Wed 25 Oct

11:00 - 18:00

Thu 26 Oct

11:00 - 18:00

Fri 27 Oct

11:00 - 18:00

Sat 28 Oct

11:00 - 18:00

Sun 29 Oct

11:00 - 18:00","Services
Partially Wheelchair Accessible
Toilets available
Dogs allowed",True,False,True,True,False,False
VOLTA #2,https://streetviewpixels-pa.googleapis.com/v1/thumbnail?panoid=FFa9FZbIOMrcqB_JYFV7oA&cb_client=search.gws-prod.gps&w=408&h=240&yaw=40.99107&pitch=0&thumbfov=100,"https://www.google.com/maps/search/?api=1&query=51.45252,5.460804",51.45252,5.460804,Edisonstraat 119,Eindhoven,5621HM,"Opening times

Sat 21 Oct

11:00 - 18:00

Sun 22 Oct

11:00 - 18:00

Mon 23 Oct

11:00 - 18:00

Tue 24 Oct

11:00 - 18:00

Wed 25 Oct

11:00 - 18:00

Thu 26 Oct

11:00 - 18:00

Fri 27 Oct

11:00 - 18:00

Sat 28 Oct

11:00 - 18:00

Sun 29 Oct

11:00 - 18:00","Services
Partially Wheelchair Accessible
Toilets available
Dogs allowed",True,False,True,True,False,False
VOLTA #3,https://streetviewpixels-pa.googleapis.com/v1/thumbnail?panoid=FFa9FZbIOMrcqB_JYFV7oA&cb_client=search.gws-prod.gps&w=408&h=240&yaw=53.36817&pitch=0&thumbfov=100,"https://www.google.com/maps/search/?api=1&query=51.452462,5.460838",51.452462,5.460838,Edisonstraat 121,Eindhoven,5621HM,"Opening times

Sat 21 Oct

11:00 - 18:00

Sun 22 Oct

11:00 - 18:00

Mon 23 Oct

11:00 - 18:00

Tue 24 Oct

11:00 - 18:00

Wed 25 Oct

11:00 - 18:00

Thu 26 Oct

11:00 - 18:00

Fri 27 Oct

11:00 - 18:00

Sat 28 Oct

11:00 - 18:00

Sun 29 Oct

11:00 - 18:00","Services
Partially Wheelchair Accessible
Toilets available
Dogs allowed",True,False,True,True,False,False
